id,experiment,framework,family,title,analysis_ids,upstream_status,source_relation,source_url,reference_files,model_index_matches,features,metadata_issues
rivet:ALICE_2010_I852264,ALICE,rivet,fiducial-measurement,"Pseudorapidities at three energies, charged multiplicity at 7 TeV",,VALIDATED,direct,https://gitlab.com/hepcedar/rivet/-/blob/74816bd4cf29a9d71447f8c122887d498d3dea3a/analyses/pluginALICE/ALICE_2010_I852264.cc,1,0,,
rivet:ALICE_2010_I852450,ALICE,rivet,fiducial-measurement,Charged particle multiplicities at 0.9 and 2.36~TeV in three different pseudorapidity intervals,,VALIDATED,direct,https://gitlab.com/hepcedar/rivet/-/blob/74816bd4cf29a9d71447f8c122887d498d3dea3a/analyses/pluginALICE/ALICE_2010_I852450.cc,1,0,,
rivet:ALICE_2010_I860416,ALICE,rivet,fiducial-measurement,Charged particle $\langle p_\perp \rangle$ vs. $N_\text{ch}$ in $pp$ collisions at 900 GeV,,VALIDATED,direct,https://gitlab.com/hepcedar/rivet/-/blob/74816bd4cf29a9d71447f8c122887d498d3dea3a/analyses/pluginALICE/ALICE_2010_I860416.cc,1,0,,
rivet:ALICE_2010_I880049,ALICE,rivet,heavy-ion,Centrality dependence of the charged-particle multiplicity density at mid-rapidity in Pb--Pb collisions at $\sqrt{s_{\mathrm{NN}}} = 2.76$ TeV,,VALIDATED,direct,https://gitlab.com/hepcedar/rivet/-/blob/74816bd4cf29a9d71447f8c122887d498d3dea3a/analyses/pluginALICE/ALICE_2010_I880049.cc,1,0,centrality; heavy-ion; heavy-ion-domain,
rivet:ALICE_2011_I881474,ALICE,rivet,fiducial-measurement,Strange particle production in proton-proton collisions at $\sqrt{s} = 0.9$ TeV with ALICE at the LHC.,,VALIDATED,direct,https://gitlab.com/hepcedar/rivet/-/blob/74816bd4cf29a9d71447f8c122887d498d3dea3a/analyses/pluginALICE/ALICE_2011_I881474.cc,1,0,,
rivet:ALICE_2011_I885104,ALICE,rivet,fiducial-measurement,"Transverse momentum spectra of pions, kaons and protons in pp collisions at 0.9 TeV",,VALIDATED,direct,https://gitlab.com/hepcedar/rivet/-/blob/74816bd4cf29a9d71447f8c122887d498d3dea3a/analyses/pluginALICE/ALICE_2011_I885104.cc,1,0,,
rivet:ALICE_2012_I1094079,ALICE,rivet,flavour,$J/\psi$ production at 2.76 TeV,,VALIDATED,direct,https://gitlab.com/hepcedar/rivet/-/blob/74816bd4cf29a9d71447f8c122887d498d3dea3a/analyses/pluginALICE/ALICE_2012_I1094079.cc,1,0,flavour-domain,
rivet:ALICE_2012_I1116147,ALICE,rivet,fiducial-measurement,"pT of neutral pions and $\eta$ mesons in $pp$ collisions at $7\,$TeV and $0.9\,$TeV",,VALIDATED,direct,https://gitlab.com/hepcedar/rivet/-/blob/74816bd4cf29a9d71447f8c122887d498d3dea3a/analyses/pluginALICE/ALICE_2012_I1116147.cc,1,0,,
rivet:ALICE_2012_I1126966,ALICE,rivet,heavy-ion,"Pion, Kaon, and Proton Production in Central Pb-Pb Collisions at 2.76 TeV",,UNVALIDATED,direct,https://gitlab.com/hepcedar/rivet/-/blob/74816bd4cf29a9d71447f8c122887d498d3dea3a/analyses/pluginALICE/ALICE_2012_I1126966.cc,1,0,centrality; heavy-ion-domain,
rivet:ALICE_2012_I1127497,ALICE,rivet,heavy-ion,Centrality dependence of charged particle production at large transverse momentum in Pb-Pb collisions at $\sqrt{s_{\mathrm{NN}}} = 2.76$ TeV,,VALIDATED,direct,https://gitlab.com/hepcedar/rivet/-/blob/74816bd4cf29a9d71447f8c122887d498d3dea3a/analyses/pluginALICE/ALICE_2012_I1127497.cc,1,0,centrality; heavy-ion; heavy-ion-domain,
rivet:ALICE_2012_I1181770,ALICE,rivet,forward,"Measurement of inelastic, single- and double-diffraction cross sections in proton--proton collisions at the LHC with ALICE",,VALIDATED,direct,https://gitlab.com/hepcedar/rivet/-/blob/74816bd4cf29a9d71447f8c122887d498d3dea3a/analyses/pluginALICE/ALICE_2012_I1181770.cc,1,0,forward-domain,
rivet:ALICE_2012_I930312,ALICE,rivet,heavy-ion,Particle-yield modification in jet-like azimuthal di-hadron correlations in Pb-Pb collisions at $\sqrt{s_\mathrm{NN}} = 2.76$ TeV,,VALIDATED,direct,https://gitlab.com/hepcedar/rivet/-/blob/74816bd4cf29a9d71447f8c122887d498d3dea3a/analyses/pluginALICE/ALICE_2012_I930312.cc,1,0,centrality; heavy-ion-domain,
rivet:ALICE_2012_I944757,ALICE,rivet,flavour,Measurement of charm production at central rapidity in proton-proton collisions at $\sqrt{s}=7$ TeV,,VALIDATED,direct,https://gitlab.com/hepcedar/rivet/-/blob/74816bd4cf29a9d71447f8c122887d498d3dea3a/analyses/pluginALICE/ALICE_2012_I944757.cc,1,0,flavour-domain,
rivet:ALICE_2013_I1225979,ALICE,rivet,heavy-ion,"Charged particle production as function of centrality, central events only, in PbPb collisions at 2.76 TeV.",,UNVALIDATED,direct,https://gitlab.com/hepcedar/rivet/-/blob/74816bd4cf29a9d71447f8c122887d498d3dea3a/analyses/pluginALICE/ALICE_2013_I1225979.cc,1,0,centrality; heavy-ion-domain,
rivet:ALICE_2014_I1243865,ALICE,rivet,heavy-ion,Multi-Strange Baryon production at mid rapidity in Pb--Pb at 2.76 TeV/nn,,UNVALIDATED,direct,https://gitlab.com/hepcedar/rivet/-/blob/74816bd4cf29a9d71447f8c122887d498d3dea3a/analyses/pluginALICE/ALICE_2014_I1243865.cc,1,0,centrality; heavy-ion; heavy-ion-domain,
rivet:ALICE_2014_I1244523,ALICE,rivet,heavy-ion,"Multiplicity Dependence of Pion, Kaon, Proton and Lambda Production in p--Pb Collisions at 5.02 TeV/nn",,UNVALIDATED,direct,https://gitlab.com/hepcedar/rivet/-/blob/74816bd4cf29a9d71447f8c122887d498d3dea3a/analyses/pluginALICE/ALICE_2014_I1244523.cc,1,0,centrality; heavy-ion-domain,
rivet:ALICE_2014_I1300380,ALICE,rivet,fiducial-measurement,Production of $\Sigma(1385)^{\pm}$ and $\Xi(1530)^{0}$ in proton-proton collisions at $\sqrt{s} =$ 7 TeV,,VALIDATED,direct,https://gitlab.com/hepcedar/rivet/-/blob/74816bd4cf29a9d71447f8c122887d498d3dea3a/analyses/pluginALICE/ALICE_2014_I1300380.cc,1,0,,
rivet:ALICE_2015_CENT_PBPB,ALICE,rivet,calibration,ALICE centrality calibration for Pb-Pb at 5.02TeV,,NEW,direct,https://gitlab.com/hepcedar/rivet/-/blob/74816bd4cf29a9d71447f8c122887d498d3dea3a/analyses/pluginALICE/ALICE_2015_CENT_PBPB.cc,0,0,heavy-ion; heavy-ion-domain,
rivet:ALICE_2015_CENT_PP,ALICE,rivet,calibration,ALICE centrality calibration for pp collisions,,NEW,direct,https://gitlab.com/hepcedar/rivet/-/blob/74816bd4cf29a9d71447f8c122887d498d3dea3a/analyses/pluginALICE/ALICE_2015_CENT_PP.cc,0,0,,
rivet:ALICE_2015_CENT_PPB,ALICE,rivet,calibration,ALICE proton-lead centrality calibration analysis.,,UNVALIDATED,direct,https://gitlab.com/hepcedar/rivet/-/blob/74816bd4cf29a9d71447f8c122887d498d3dea3a/analyses/pluginALICE/ALICE_2015_CENT_PPB.cc,0,0,heavy-ion-domain,
rivet:ALICE_2015_I1357424,ALICE,rivet,fiducial-measurement,"Transverse momentum spectra of pions, kaons and protons in $pp$ collisions at 7 TeV",,VALIDATED,direct,https://gitlab.com/hepcedar/rivet/-/blob/74816bd4cf29a9d71447f8c122887d498d3dea3a/analyses/pluginALICE/ALICE_2015_I1357424.cc,1,0,,
rivet:ALICE_2015_I1395253,ALICE,rivet,fiducial-measurement,Pseudorapidity and transverse-momentum distributions of charged particles in pp collisions at $\sqrt{s} = 13$ TeV,,VALIDATED,direct,https://gitlab.com/hepcedar/rivet/-/blob/74816bd4cf29a9d71447f8c122887d498d3dea3a/analyses/pluginALICE/ALICE_2015_I1395253.cc,1,0,,
rivet:ALICE_2016_I1394676,ALICE,rivet,heavy-ion,"Charged particle production as function of centrality, peripheral events only, in PbPb collisions at 2.76 TeV.",,UNVALIDATED,direct,https://gitlab.com/hepcedar/rivet/-/blob/74816bd4cf29a9d71447f8c122887d498d3dea3a/analyses/pluginALICE/ALICE_2016_I1394676.cc,1,0,centrality; heavy-ion-domain,
rivet:ALICE_2016_I1419244,ALICE,rivet,heavy-ion,Anisotropic flow of charged particles in PbPb collisions at 5.02 TeV.,,UNVALIDATED,direct,https://gitlab.com/hepcedar/rivet/-/blob/74816bd4cf29a9d71447f8c122887d498d3dea3a/analyses/pluginALICE/ALICE_2016_I1419244.cc,1,0,centrality; heavy-ion-domain,
rivet:ALICE_2016_I1471838,ALICE,rivet,fiducial-measurement,Enhanced production of multi-strange hadrons in high-multiplicity proton-proton collisions.,,UNVALIDATED,direct,https://gitlab.com/hepcedar/rivet/-/blob/74816bd4cf29a9d71447f8c122887d498d3dea3a/analyses/pluginALICE/ALICE_2016_I1471838.cc,1,0,centrality,
rivet:ALICE_2016_I1507090,ALICE,rivet,heavy-ion,Charged particle production as function of centrality in PbPb collisions at 5.02 TeV.,,UNVALIDATED,direct,https://gitlab.com/hepcedar/rivet/-/blob/74816bd4cf29a9d71447f8c122887d498d3dea3a/analyses/pluginALICE/ALICE_2016_I1507090.cc,1,0,centrality; heavy-ion-domain,
rivet:ALICE_2016_I1507157,ALICE,rivet,fiducial-measurement,Angular correlations of identified particles at 7 TeV.,,UNVALIDATED,direct,https://gitlab.com/hepcedar/rivet/-/blob/74816bd4cf29a9d71447f8c122887d498d3dea3a/analyses/pluginALICE/ALICE_2016_I1507157.cc,1,0,event-mixing,
rivet:ALICE_2017_I1511865,ALICE,rivet,fiducial-measurement,Forward J$/\psi$ and $\psi(2S)$ production at $13$ and $5.02$ TeV,,VALIDATED,direct,https://gitlab.com/hepcedar/rivet/-/blob/74816bd4cf29a9d71447f8c122887d498d3dea3a/analyses/pluginALICE/ALICE_2017_I1511865.cc,1,0,,
rivet:ALICE_2017_I1511870,ALICE,rivet,flavour,Measurement of D-meson production at mid-rapidity in pp collisions at $\sqrt{s}=7$ TeV,,VALIDATED,direct,https://gitlab.com/hepcedar/rivet/-/blob/74816bd4cf29a9d71447f8c122887d498d3dea3a/analyses/pluginALICE/ALICE_2017_I1511870.cc,1,0,flavour-domain,
rivet:ALICE_2017_I1512110,ALICE,rivet,fiducial-measurement,"Invariant cross section of neutral pions measured at mid-rapidity in pp collisions at $2.76\,$TeV.",,VALIDATED,direct,https://gitlab.com/hepcedar/rivet/-/blob/74816bd4cf29a9d71447f8c122887d498d3dea3a/analyses/pluginALICE/ALICE_2017_I1512110.cc,1,0,,
rivet:ALICE_2017_I1620477,ALICE,rivet,fiducial-measurement,"Invariant cross section of neutral pions at mid-rapidity in $8\,$TeV pp collisions",,VALIDATED,direct,https://gitlab.com/hepcedar/rivet/-/blob/74816bd4cf29a9d71447f8c122887d498d3dea3a/analyses/pluginALICE/ALICE_2017_I1620477.cc,1,0,,
rivet:ALICE_2017_I1645239,ALICE,rivet,heavy-ion,$\Lambda_\mathrm{c}^+$ production in pp collisions at $\sqrt{s} = 7$ TeV and in p-Pb collisions at $\sqrt{s_\mathrm{NN}} = 5.02$ TeV,,VALIDATED,direct,https://gitlab.com/hepcedar/rivet/-/blob/74816bd4cf29a9d71447f8c122887d498d3dea3a/analyses/pluginALICE/ALICE_2017_I1645239.cc,1,0,heavy-ion-domain,duplicate metadata field: Reentrant
rivet:ALICE_2018_I1642729,ALICE,rivet,fiducial-measurement,$\Xi_c^ 0 $ production at 7 TeV,,VALIDATED,direct,https://gitlab.com/hepcedar/rivet/-/blob/74816bd4cf29a9d71447f8c122887d498d3dea3a/analyses/pluginALICE/ALICE_2018_I1642729.cc,1,0,,
rivet:ALICE_2018_I1669819,ALICE,rivet,heavy-ion,Charm meson production at 5 TeV,,VALIDATED,direct,https://gitlab.com/hepcedar/rivet/-/blob/74816bd4cf29a9d71447f8c122887d498d3dea3a/analyses/pluginALICE/ALICE_2018_I1669819.cc,1,0,centrality; heavy-ion-domain; flavour-domain,
rivet:ALICE_2018_I1672792,ALICE,rivet,fiducial-measurement,Dielectron production in proton--proton collisions at 7 TeV,,VALIDATED,direct,https://gitlab.com/hepcedar/rivet/-/blob/74816bd4cf29a9d71447f8c122887d498d3dea3a/analyses/pluginALICE/ALICE_2018_I1672792.cc,1,0,,
rivet:ALICE_2019_I1672860,ALICE,rivet,heavy-ion,Rho meson production in pp and Pb-Pb at 2.76 TeV,,VALIDATED,direct,https://gitlab.com/hepcedar/rivet/-/blob/74816bd4cf29a9d71447f8c122887d498d3dea3a/analyses/pluginALICE/ALICE_2019_I1672860.cc,1,0,centrality; heavy-ion; heavy-ion-domain,
rivet:ALICE_2019_I1716440,ALICE,rivet,fiducial-measurement,"$D^0$, $D^{*\pm}$, $D^\pm$ and $D^\pm_s$ meson production at 5.02 and 7 TeV",,VALIDATED,direct,https://gitlab.com/hepcedar/rivet/-/blob/74816bd4cf29a9d71447f8c122887d498d3dea3a/analyses/pluginALICE/ALICE_2019_I1716440.cc,1,0,,
rivet:ALICE_2019_I1723697,ALICE,rivet,heavy-ion,"Multi-particle correlations in pp, pPb, XeXe and PbPb",,UNVALIDATED,direct,https://gitlab.com/hepcedar/rivet/-/blob/74816bd4cf29a9d71447f8c122887d498d3dea3a/analyses/pluginALICE/ALICE_2019_I1723697.cc,1,0,centrality; heavy-ion-domain,
rivet:ALICE_2019_I1735351,ALICE,rivet,fiducial-measurement,Central J$/\psi$ production at $5.02$ TeV,,VALIDATED,direct,https://gitlab.com/hepcedar/rivet/-/blob/74816bd4cf29a9d71447f8c122887d498d3dea3a/analyses/pluginALICE/ALICE_2019_I1735351.cc,1,0,,
rivet:ALICE_2019_I1738300,ALICE,rivet,fiducial-measurement,Measurement of the inclusive isolated photon production cross section in pp collisions at $\sqrt{s} = 7$ TeV,,VALIDATED,direct,https://gitlab.com/hepcedar/rivet/-/blob/74816bd4cf29a9d71447f8c122887d498d3dea3a/analyses/pluginALICE/ALICE_2019_I1738300.cc,1,0,,
rivet:ALICE_2020_I1797443,ALICE,rivet,fiducial-measurement,Production of light-flavor hadrons in pp collisions at 13 TeV,,VALIDATED,direct,https://gitlab.com/hepcedar/rivet/-/blob/74816bd4cf29a9d71447f8c122887d498d3dea3a/analyses/pluginALICE/ALICE_2020_I1797443.cc,1,0,,
rivet:ALICE_2020_I1797621,ALICE,rivet,heavy-ion,Dielectron production in pp and p-Pb collisions at 5.02 TeV,,VALIDATED,direct,https://gitlab.com/hepcedar/rivet/-/blob/74816bd4cf29a9d71447f8c122887d498d3dea3a/analyses/pluginALICE/ALICE_2020_I1797621.cc,1,0,heavy-ion-domain,
rivet:ALICE_2021_I1829739,ALICE,rivet,fiducial-measurement,Prompt $\Lambda_c^+$ production at 5.02 TeV,,VALIDATED,direct,https://gitlab.com/hepcedar/rivet/-/blob/74816bd4cf29a9d71447f8c122887d498d3dea3a/analyses/pluginALICE/ALICE_2021_I1829739.cc,1,0,,
rivet:ALICE_2021_I1848990,ALICE,rivet,flavour,Measurement of beauty and charm production at 5 TeV,,VALIDATED,direct,https://gitlab.com/hepcedar/rivet/-/blob/74816bd4cf29a9d71447f8c122887d498d3dea3a/analyses/pluginALICE/ALICE_2021_I1848990.cc,1,0,flavour-domain,
rivet:ALICE_2021_I1862793,ALICE,rivet,flavour,Prompt $\Xi_{c}^{0}$ and $\Xi_{c}^{+}$ analysis,,VALIDATED,direct,https://gitlab.com/hepcedar/rivet/-/blob/74816bd4cf29a9d71447f8c122887d498d3dea3a/analyses/pluginALICE/ALICE_2021_I1862793.cc,1,0,flavour-domain,
rivet:ALICE_2021_I1863039,ALICE,rivet,fiducial-measurement,$\Xi_c^ 0 $ production at 5.02 TeV,,VALIDATED,direct,https://gitlab.com/hepcedar/rivet/-/blob/74816bd4cf29a9d71447f8c122887d498d3dea3a/analyses/pluginALICE/ALICE_2021_I1863039.cc,1,0,,
rivet:ALICE_2021_I1891391,ALICE,rivet,fiducial-measurement,$K_{S}^{0}$ - and (anti-)$\Lambda$-hadron correlations in pp collisions at $\sqrt{s} = 13$ TeV,,VALIDATED,direct,https://gitlab.com/hepcedar/rivet/-/blob/74816bd4cf29a9d71447f8c122887d498d3dea3a/analyses/pluginALICE/ALICE_2021_I1891391.cc,1,0,centrality; event-mixing,
rivet:ALICE_2021_I1898832,ALICE,rivet,fiducial-measurement,J/$\psi$ production for midrapidity at $\sqrt{s}=13$ TeV,,VALIDATED,direct,https://gitlab.com/hepcedar/rivet/-/blob/74816bd4cf29a9d71447f8c122887d498d3dea3a/analyses/pluginALICE/ALICE_2021_I1898832.cc,1,0,,
rivet:ALICE_2021_I1946131,ALICE,rivet,heavy-ion,Prompt charm-meson production at 5 TeV,,VALIDATED,direct,https://gitlab.com/hepcedar/rivet/-/blob/74816bd4cf29a9d71447f8c122887d498d3dea3a/analyses/pluginALICE/ALICE_2021_I1946131.cc,1,0,centrality; heavy-ion; heavy-ion-domain; flavour-domain,
rivet:ALICE_2022_I1868463,ALICE,rivet,flavour,"$\Sigma_c^{0,+,++}$ and $\Lambda_c$ from $\Sigma_c^{0,+,++}$ analysis",,VALIDATED,direct,https://gitlab.com/hepcedar/rivet/-/blob/74816bd4cf29a9d71447f8c122887d498d3dea3a/analyses/pluginALICE/ALICE_2022_I1868463.cc,1,0,flavour-domain,
rivet:ALICE_2022_I2088201,ALICE,rivet,heavy-ion,Sigma(1385) resonance production in PbPb collisions at 5.02 TeV,,VALIDATED,direct,https://gitlab.com/hepcedar/rivet/-/blob/74816bd4cf29a9d71447f8c122887d498d3dea3a/analyses/pluginALICE/ALICE_2022_I2088201.cc,1,0,centrality; heavy-ion; heavy-ion-domain,
rivet:ALICE_2024_I2803487,ALICE,rivet,fiducial-measurement,Measurement of the inclusive isolated photon production cross section in pp collisions at $\sqrt{s} = 13$ TeV,,VALIDATED,direct,https://gitlab.com/hepcedar/rivet/-/blob/74816bd4cf29a9d71447f8c122887d498d3dea3a/analyses/pluginALICE/ALICE_2024_I2803487.cc,1,0,,
rivet:ALICE_2024_I2848263,ALICE,rivet,fiducial-measurement,Measurement of $\omega$ meson production in pp collisions at $\sqrt{s} = 13$ TeV,,VALIDATED,direct,https://gitlab.com/hepcedar/rivet/-/blob/74816bd4cf29a9d71447f8c122887d498d3dea3a/analyses/pluginALICE/ALICE_2024_I2848263.cc,1,0,,
rivet:ALICE_2025_I2895564,ALICE,rivet,heavy-ion,Measurement of isolated prompt photon production in pp and pPb collisions at the LHC,,VALIDATED,direct,https://gitlab.com/hepcedar/rivet/-/blob/74816bd4cf29a9d71447f8c122887d498d3dea3a/analyses/pluginALICE/ALICE_2025_I2895564.cc,1,0,heavy-ion-domain,
rivet:ATLAS_2010_CONF_2010_049,ATLAS,rivet,fiducial-measurement,Cross-section and fragmentation function in anti-$k_t$ track jets,,OBSOLETE,direct,https://gitlab.com/hepcedar/rivet/-/blob/74816bd4cf29a9d71447f8c122887d498d3dea3a/analyses/pluginATLAS/ATLAS_2010_CONF_2010_049.cc,1,0,,
rivet:ATLAS_2010_I849050,ATLAS,rivet,fiducial-measurement,Charged particles at 900 GeV in ATLAS,STDM-2010-01,VALIDATED,direct,https://gitlab.com/hepcedar/rivet/-/blob/74816bd4cf29a9d71447f8c122887d498d3dea3a/analyses/pluginATLAS/ATLAS_2010_I849050.cc,1,0,,
rivet:ATLAS_2010_I871366,ATLAS,rivet,fiducial-measurement,Inclusive jet cross section and di-jet mass and chi spectra at 7 TeV in ATLAS,STDM-2010-03,VALIDATED,direct,https://gitlab.com/hepcedar/rivet/-/blob/74816bd4cf29a9d71447f8c122887d498d3dea3a/analyses/pluginATLAS/ATLAS_2010_I871366.cc,1,0,,
rivet:ATLAS_2010_I879407,ATLAS,rivet,fiducial-measurement,Track-based underlying event at 900 GeV and 7 TeV in ATLAS,STDM-2010-04,VALIDATED,direct,https://gitlab.com/hepcedar/rivet/-/blob/74816bd4cf29a9d71447f8c122887d498d3dea3a/analyses/pluginATLAS/ATLAS_2010_I879407.cc,1,0,,
rivet:ATLAS_2010_I882098,ATLAS,rivet,fiducial-measurement,Track-based minimum bias at 900 GeV and 2.36 and 7 TeV in ATLAS,STDM-2010-06,VALIDATED,direct,https://gitlab.com/hepcedar/rivet/-/blob/74816bd4cf29a9d71447f8c122887d498d3dea3a/analyses/pluginATLAS/ATLAS_2010_I882098.cc,1,0,,
rivet:ATLAS_2010_I882463,ATLAS,rivet,fiducial-measurement,Inclusive isolated prompt photon analysis,STDM-2010-08,VALIDATED,direct,https://gitlab.com/hepcedar/rivet/-/blob/74816bd4cf29a9d71447f8c122887d498d3dea3a/analyses/pluginATLAS/ATLAS_2010_I882463.cc,1,0,,
rivet:ATLAS_2010_I882534,ATLAS,rivet,fiducial-measurement,$W$ + jets jet multiplicities and $\pT$,STDM-2010-07,VALIDATED,direct,https://gitlab.com/hepcedar/rivet/-/blob/74816bd4cf29a9d71447f8c122887d498d3dea3a/analyses/pluginATLAS/ATLAS_2010_I882534.cc,1,0,,
rivet:ATLAS_2011_CONF_2011_090,ATLAS,rivet,search-recast,Single lepton search for supersymmetry,,OBSOLETE,direct,https://gitlab.com/hepcedar/rivet/-/blob/74816bd4cf29a9d71447f8c122887d498d3dea3a/analyses/pluginATLAS/ATLAS_2011_CONF_2011_090.cc,0,0,,
rivet:ATLAS_2011_CONF_2011_098,ATLAS,rivet,search-recast,b-jets search for supersymmetry with 0-leptons,,OBSOLETE,direct,https://gitlab.com/hepcedar/rivet/-/blob/74816bd4cf29a9d71447f8c122887d498d3dea3a/analyses/pluginATLAS/ATLAS_2011_CONF_2011_098.cc,0,0,,
rivet:ATLAS_2011_I882984,ATLAS,rivet,fiducial-measurement,Jet shapes at 7 TeV in ATLAS,STDM-2010-10,VALIDATED,direct,https://gitlab.com/hepcedar/rivet/-/blob/74816bd4cf29a9d71447f8c122887d498d3dea3a/analyses/pluginATLAS/ATLAS_2011_I882984.cc,1,0,,
rivet:ATLAS_2011_I889546,ATLAS,rivet,fiducial-measurement,Dijet azimuthal decorrelations,STDM-2010-13,VALIDATED,direct,https://gitlab.com/hepcedar/rivet/-/blob/74816bd4cf29a9d71447f8c122887d498d3dea3a/analyses/pluginATLAS/ATLAS_2011_I889546.cc,1,0,,
rivet:ATLAS_2011_I890749,ATLAS,rivet,search-recast,0-lepton squark and gluino search,SUSY-2010-05,VALIDATED,direct,https://gitlab.com/hepcedar/rivet/-/blob/74816bd4cf29a9d71447f8c122887d498d3dea3a/analyses/pluginATLAS/ATLAS_2011_I890749.cc,1,0,,
rivet:ATLAS_2011_I891834,ATLAS,rivet,fiducial-measurement,Calo-based underlying event at 900 GeV and 7 TeV in ATLAS,STDM-2010-05,VALIDATED,direct,https://gitlab.com/hepcedar/rivet/-/blob/74816bd4cf29a9d71447f8c122887d498d3dea3a/analyses/pluginATLAS/ATLAS_2011_I891834.cc,1,0,,
rivet:ATLAS_2011_I892704,ATLAS,rivet,fiducial-measurement,Muon charge asymmetry in W events at 7 TeV in ATLAS,STDM-2010-16,VALIDATED,direct,https://gitlab.com/hepcedar/rivet/-/blob/74816bd4cf29a9d71447f8c122887d498d3dea3a/analyses/pluginATLAS/ATLAS_2011_I892704.cc,1,0,,
rivet:ATLAS_2011_I894578,ATLAS,rivet,search-recast,Two-lepton supersymmetry search,SUSY-2011-05,VALIDATED,direct,https://gitlab.com/hepcedar/rivet/-/blob/74816bd4cf29a9d71447f8c122887d498d3dea3a/analyses/pluginATLAS/ATLAS_2011_I894578.cc,0,0,,
rivet:ATLAS_2011_I894867,ATLAS,rivet,fiducial-measurement,Measurement of the inelastic proton-proton cross-section at $\sqrt{s} = $7 TeV.,STDM-2010-11,VALIDATED,direct,https://gitlab.com/hepcedar/rivet/-/blob/74816bd4cf29a9d71447f8c122887d498d3dea3a/analyses/pluginATLAS/ATLAS_2011_I894867.cc,1,0,,
rivet:ATLAS_2011_I896268,ATLAS,rivet,flavour,Measurement of $J/\psi$ production,BPHY-2010-01,VALIDATED,direct,https://gitlab.com/hepcedar/rivet/-/blob/74816bd4cf29a9d71447f8c122887d498d3dea3a/analyses/pluginATLAS/ATLAS_2011_I896268.cc,1,0,lifetime; flavour-domain,
rivet:ATLAS_2011_I897002,ATLAS,rivet,search-recast,1-lepton and 2-lepton search for first or second generation leptoquarks,EXOT-2010-08,OBSOLETE,direct,https://gitlab.com/hepcedar/rivet/-/blob/74816bd4cf29a9d71447f8c122887d498d3dea3a/analyses/pluginATLAS/ATLAS_2011_I897002.cc,0,0,,
rivet:ATLAS_2011_I914491,ATLAS,rivet,long-lived,Long-lived heavy charged particle search,SUSY-2011-03,UNVALIDATED,direct,https://gitlab.com/hepcedar/rivet/-/blob/74816bd4cf29a9d71447f8c122887d498d3dea3a/analyses/pluginATLAS/ATLAS_2011_I914491.cc,1,0,llp-domain,
rivet:ATLAS_2011_I916832,ATLAS,rivet,fiducial-measurement,Inclusive isolated diphoton analysis,STDM-2011-05,VALIDATED,direct,https://gitlab.com/hepcedar/rivet/-/blob/74816bd4cf29a9d71447f8c122887d498d3dea3a/analyses/pluginATLAS/ATLAS_2011_I916832.cc,1,0,,
rivet:ATLAS_2011_I917526,ATLAS,rivet,fiducial-measurement,Measurement of dijet production with a veto on additional central jet activity,STDM-2011-03,VALIDATED,direct,https://gitlab.com/hepcedar/rivet/-/blob/74816bd4cf29a9d71447f8c122887d498d3dea3a/analyses/pluginATLAS/ATLAS_2011_I917526.cc,1,0,,
rivet:ATLAS_2011_I917599,ATLAS,rivet,fiducial-measurement,Measurement of multi-jet cross sections,STDM-2010-12,VALIDATED,direct,https://gitlab.com/hepcedar/rivet/-/blob/74816bd4cf29a9d71447f8c122887d498d3dea3a/analyses/pluginATLAS/ATLAS_2011_I917599.cc,1,0,,
rivet:ATLAS_2011_I917931,ATLAS,rivet,fiducial-measurement,Measurement of the Z pT with electrons and muons at 7 TeV,STDM-2011-09,VALIDATED,direct,https://gitlab.com/hepcedar/rivet/-/blob/74816bd4cf29a9d71447f8c122887d498d3dea3a/analyses/pluginATLAS/ATLAS_2011_I917931.cc,1,0,,
rivet:ATLAS_2011_I919017,ATLAS,rivet,fiducial-measurement,Measurement of ATLAS track jet properties at 7 TeV,STDM-2010-14,VALIDATED,direct,https://gitlab.com/hepcedar/rivet/-/blob/74816bd4cf29a9d71447f8c122887d498d3dea3a/analyses/pluginATLAS/ATLAS_2011_I919017.cc,1,0,,
rivet:ATLAS_2011_I921594,ATLAS,rivet,fiducial-measurement,Inclusive isolated prompt photon analysis with full 2010 LHC data,STDM-2011-04,VALIDATED,direct,https://gitlab.com/hepcedar/rivet/-/blob/74816bd4cf29a9d71447f8c122887d498d3dea3a/analyses/pluginATLAS/ATLAS_2011_I921594.cc,1,0,,
rivet:ATLAS_2011_I925932,ATLAS,rivet,fiducial-measurement,Measurement of the W pT with electrons and muons at 7 TeV,STDM-2011-15,VALIDATED,direct,https://gitlab.com/hepcedar/rivet/-/blob/74816bd4cf29a9d71447f8c122887d498d3dea3a/analyses/pluginATLAS/ATLAS_2011_I925932.cc,1,0,,
rivet:ATLAS_2011_I926145,ATLAS,rivet,fiducial-measurement,Measurement of electron and muon differential cross-section from heavy-flavour decays,STDM-2011-07,VALIDATED,direct,https://gitlab.com/hepcedar/rivet/-/blob/74816bd4cf29a9d71447f8c122887d498d3dea3a/analyses/pluginATLAS/ATLAS_2011_I926145.cc,1,0,,
rivet:ATLAS_2011_I928289,ATLAS,rivet,fiducial-measurement,inclusive W and Z cross-sections at 7 TeV,,VALIDATED,direct,https://gitlab.com/hepcedar/rivet/-/blob/74816bd4cf29a9d71447f8c122887d498d3dea3a/analyses/pluginATLAS/ATLAS_2011_I928289.cc,1,0,,
rivet:ATLAS_2011_I929691,ATLAS,rivet,fiducial-measurement,Jet fragmentation at 7 TeV,STDM-2011-14,VALIDATED,direct,https://gitlab.com/hepcedar/rivet/-/blob/74816bd4cf29a9d71447f8c122887d498d3dea3a/analyses/pluginATLAS/ATLAS_2011_I929691.cc,1,0,,
rivet:ATLAS_2011_I930002,ATLAS,rivet,search-recast,0-lepton squark and gluino search,SUSY-2011-07,VALIDATED,direct,https://gitlab.com/hepcedar/rivet/-/blob/74816bd4cf29a9d71447f8c122887d498d3dea3a/analyses/pluginATLAS/ATLAS_2011_I930002.cc,1,0,,
rivet:ATLAS_2011_I930005,ATLAS,rivet,search-recast,Single-lepton search for supersymmetry,SUSY-2011-08,OBSOLETE,direct,https://gitlab.com/hepcedar/rivet/-/blob/74816bd4cf29a9d71447f8c122887d498d3dea3a/analyses/pluginATLAS/ATLAS_2011_I930005.cc,1,0,,
rivet:ATLAS_2011_I930220,ATLAS,rivet,fiducial-measurement,Inclusive and dijet cross-sections of $b$-jets in $pp$ collisions at $\sqrt{s} = 7$ TeV with ATLAS,STDM-2010-15,VALIDATED,direct,https://gitlab.com/hepcedar/rivet/-/blob/74816bd4cf29a9d71447f8c122887d498d3dea3a/analyses/pluginATLAS/ATLAS_2011_I930220.cc,1,0,,
rivet:ATLAS_2011_I939504,ATLAS,rivet,search-recast,High-jet-multiplicity squark and gluino search,SUSY-2011-13,VALIDATED,direct,https://gitlab.com/hepcedar/rivet/-/blob/74816bd4cf29a9d71447f8c122887d498d3dea3a/analyses/pluginATLAS/ATLAS_2011_I939504.cc,1,0,,
rivet:ATLAS_2011_I944826,ATLAS,rivet,fiducial-measurement,$K_S^0$ and $\Lambda$ production at 0.9 and 7 TeV with ATLAS,STDM-2010-09,VALIDATED,direct,https://gitlab.com/hepcedar/rivet/-/blob/74816bd4cf29a9d71447f8c122887d498d3dea3a/analyses/pluginATLAS/ATLAS_2011_I944826.cc,1,0,lifetime,
rivet:ATLAS_2011_I945498,ATLAS,rivet,fiducial-measurement,$Z$+jets in $pp$ at 7~TeV,STDM-2011-27,VALIDATED,direct,https://gitlab.com/hepcedar/rivet/-/blob/74816bd4cf29a9d71447f8c122887d498d3dea3a/analyses/pluginATLAS/ATLAS_2011_I945498.cc,1,0,,
rivet:ATLAS_2011_I954993,ATLAS,rivet,fiducial-measurement,$WZ$ fiducial cross-section at 7 TeV in ATLAS,STDM-2011-25,VALIDATED,direct,https://gitlab.com/hepcedar/rivet/-/blob/74816bd4cf29a9d71447f8c122887d498d3dea3a/analyses/pluginATLAS/ATLAS_2011_I954993.cc,1,0,,
rivet:ATLAS_2011_S9035664,ATLAS,rivet,flavour,Measurement of $J/\psi$ production,BPHY-2010-01,VALIDATED,alias,https://gitlab.com/hepcedar/rivet/-/blob/74816bd4cf29a9d71447f8c122887d498d3dea3a/analyses/pluginATLAS/ATLAS_2011_I896268.cc,0,0,lifetime; flavour-domain,
rivet:ATLAS_2012_CONF_2012_001,ATLAS,rivet,search-recast,4 or more lepton plus missing transverse energy SUSY search,,PRELIMINARY,direct,https://gitlab.com/hepcedar/rivet/-/blob/74816bd4cf29a9d71447f8c122887d498d3dea3a/analyses/pluginATLAS/ATLAS_2012_CONF_2012_001.cc,1,0,,
rivet:ATLAS_2012_CONF_2012_103,ATLAS,rivet,search-recast,High jet-multiplicity + MET squark and gluino search,,OBSOLETE,direct,https://gitlab.com/hepcedar/rivet/-/blob/74816bd4cf29a9d71447f8c122887d498d3dea3a/analyses/pluginATLAS/ATLAS_2012_CONF_2012_103.cc,0,0,,
rivet:ATLAS_2012_CONF_2012_104,ATLAS,rivet,search-recast,"Search for supersymmetry at 8 TeV with jets, missing transverse momentum and one lepton",,OBSOLETE,direct,https://gitlab.com/hepcedar/rivet/-/blob/74816bd4cf29a9d71447f8c122887d498d3dea3a/analyses/pluginATLAS/ATLAS_2012_CONF_2012_104.cc,0,0,,
rivet:ATLAS_2012_CONF_2012_105,ATLAS,rivet,search-recast,"Search for supersymmetry with 2 same-sign leptons, jets and missing transverse energy",,OBSOLETE,direct,https://gitlab.com/hepcedar/rivet/-/blob/74816bd4cf29a9d71447f8c122887d498d3dea3a/analyses/pluginATLAS/ATLAS_2012_CONF_2012_105.cc,0,0,,
rivet:ATLAS_2012_CONF_2012_109,ATLAS,rivet,search-recast,0-lepton squark and gluino search,,OBSOLETE,direct,https://gitlab.com/hepcedar/rivet/-/blob/74816bd4cf29a9d71447f8c122887d498d3dea3a/analyses/pluginATLAS/ATLAS_2012_CONF_2012_109.cc,0,0,,
rivet:ATLAS_2012_CONF_2012_153,ATLAS,rivet,search-recast,4 or more lepton plus missing transverse energy SUSY search,,PRELIMINARY,direct,https://gitlab.com/hepcedar/rivet/-/blob/74816bd4cf29a9d71447f8c122887d498d3dea3a/analyses/pluginATLAS/ATLAS_2012_CONF_2012_153.cc,0,0,,
rivet:ATLAS_2012_I1082009,ATLAS,rivet,fiducial-measurement,$D^{*\pm}$ production in jets,,VALIDATED,direct,https://gitlab.com/hepcedar/rivet/-/blob/74816bd4cf29a9d71447f8c122887d498d3dea3a/analyses/pluginATLAS/ATLAS_2012_I1082009.cc,1,0,,
rivet:ATLAS_2012_I1082936,ATLAS,rivet,fiducial-measurement,Inclusive jet and dijet cross sections at 7 TeV,,VALIDATED,direct,https://gitlab.com/hepcedar/rivet/-/blob/74816bd4cf29a9d71447f8c122887d498d3dea3a/analyses/pluginATLAS/ATLAS_2012_I1082936.cc,1,0,,duplicate metadata field: NeedCrossSection
rivet:ATLAS_2012_I1083318,ATLAS,rivet,fiducial-measurement,$W$+jets production at 7 TeV,STDM-2011-08,VALIDATED,direct,https://gitlab.com/hepcedar/rivet/-/blob/74816bd4cf29a9d71447f8c122887d498d3dea3a/analyses/pluginATLAS/ATLAS_2012_I1083318.cc,1,0,,
rivet:ATLAS_2012_I1084540,ATLAS,rivet,fiducial-measurement,Rapidity gap cross sections measured with the ATLAS detector in $pp$ collisions at $\sqrt{s} = 7$ TeV.,STDM-2011-01,VALIDATED,direct,https://gitlab.com/hepcedar/rivet/-/blob/74816bd4cf29a9d71447f8c122887d498d3dea3a/analyses/pluginATLAS/ATLAS_2012_I1084540.cc,1,0,,
rivet:ATLAS_2012_I1091481,ATLAS,rivet,fiducial-measurement,Azimuthal ordering of charged hadrons,STDM-2011-20,VALIDATED,direct,https://gitlab.com/hepcedar/rivet/-/blob/74816bd4cf29a9d71447f8c122887d498d3dea3a/analyses/pluginATLAS/ATLAS_2012_I1091481.cc,1,0,,
rivet:ATLAS_2012_I1093734,ATLAS,rivet,fiducial-measurement,Forward-backward and $\phi$ correlations at 900 GeV and 7 TeV,,VALIDATED,unresolved,,1,0,,no direct or declared alias source identified
rivet:ATLAS_2012_I1093738,ATLAS,rivet,fiducial-measurement,Isolated prompt photon + jet cross-section,STDM-2011-28,VALIDATED,direct,https://gitlab.com/hepcedar/rivet/-/blob/74816bd4cf29a9d71447f8c122887d498d3dea3a/analyses/pluginATLAS/ATLAS_2012_I1093738.cc,1,0,,
rivet:ATLAS_2012_I1094061,ATLAS,rivet,fiducial-measurement,Measurement of two-particle correlation function at 900 GeV and 7 TeV,,VALIDATED,unresolved,,1,0,,no direct or declared alias source identified
rivet:ATLAS_2012_I1094564,ATLAS,rivet,fiducial-measurement,Jet mass and substructure of inclusive jets at 7 TeV,STDM-2011-19,VALIDATED,direct,https://gitlab.com/hepcedar/rivet/-/blob/74816bd4cf29a9d71447f8c122887d498d3dea3a/analyses/pluginATLAS/ATLAS_2012_I1094564.cc,1,0,,
rivet:ATLAS_2012_I1094568,ATLAS,rivet,fiducial-measurement,Measurement of ttbar production with a veto on additional central jet activity,TOPQ-2011-21,VALIDATED,direct,https://gitlab.com/hepcedar/rivet/-/blob/74816bd4cf29a9d71447f8c122887d498d3dea3a/analyses/pluginATLAS/ATLAS_2012_I1094568.cc,1,0,,
rivet:ATLAS_2012_I1095236,ATLAS,rivet,search-recast,$b$-jets search for supersymmetry with 0- and 1-leptons,SUSY-2011-27,UNVALIDATED,direct,https://gitlab.com/hepcedar/rivet/-/blob/74816bd4cf29a9d71447f8c122887d498d3dea3a/analyses/pluginATLAS/ATLAS_2012_I1095236.cc,0,0,,
rivet:ATLAS_2012_I1112263,ATLAS,rivet,search-recast,3 lepton plus missing transverse energy SUSY search,SUSY-2011-25,VALIDATED,direct,https://gitlab.com/hepcedar/rivet/-/blob/74816bd4cf29a9d71447f8c122887d498d3dea3a/analyses/pluginATLAS/ATLAS_2012_I1112263.cc,0,0,,
rivet:ATLAS_2012_I1117704,ATLAS,rivet,search-recast,High jet multiplicity squark and gluino search,SUSY-2011-19,VALIDATED,direct,https://gitlab.com/hepcedar/rivet/-/blob/74816bd4cf29a9d71447f8c122887d498d3dea3a/analyses/pluginATLAS/ATLAS_2012_I1117704.cc,0,0,,
rivet:ATLAS_2012_I1118269,ATLAS,rivet,fiducial-measurement,$b$-hadron production cross-section using decays to $D^*\mu^-X$ at $\sqrt{s} = 7$~TeV,BPHY-2011-02,VALIDATED,direct,https://gitlab.com/hepcedar/rivet/-/blob/74816bd4cf29a9d71447f8c122887d498d3dea3a/analyses/pluginATLAS/ATLAS_2012_I1118269.cc,1,0,,
rivet:ATLAS_2012_I1119557,ATLAS,rivet,fiducial-measurement,Jet shapes and jet masses,STDM-2011-38,VALIDATED,direct,https://gitlab.com/hepcedar/rivet/-/blob/74816bd4cf29a9d71447f8c122887d498d3dea3a/analyses/pluginATLAS/ATLAS_2012_I1119557.cc,1,0,,
rivet:ATLAS_2012_I1124167,ATLAS,rivet,fiducial-measurement,Measurement of charged-particle event shape variables,STDM-2011-32,VALIDATED,direct,https://gitlab.com/hepcedar/rivet/-/blob/74816bd4cf29a9d71447f8c122887d498d3dea3a/analyses/pluginATLAS/ATLAS_2012_I1124167.cc,1,0,,
rivet:ATLAS_2012_I1125575,ATLAS,rivet,fiducial-measurement,Studies of the underlying event at 7 TeV with track-jets,STDM-2011-30,VALIDATED,direct,https://gitlab.com/hepcedar/rivet/-/blob/74816bd4cf29a9d71447f8c122887d498d3dea3a/analyses/pluginATLAS/ATLAS_2012_I1125575.cc,1,0,,
rivet:ATLAS_2012_I1125961,ATLAS,rivet,search-recast,0-lepton squark and gluino search,SUSY-2011-20,VALIDATED,direct,https://gitlab.com/hepcedar/rivet/-/blob/74816bd4cf29a9d71447f8c122887d498d3dea3a/analyses/pluginATLAS/ATLAS_2012_I1125961.cc,0,0,,
rivet:ATLAS_2012_I1126136,ATLAS,rivet,search-recast,SUSY top partner search in jets with missing transverse momentum,SUSY-2012-05,UNVALIDATED,direct,https://gitlab.com/hepcedar/rivet/-/blob/74816bd4cf29a9d71447f8c122887d498d3dea3a/analyses/pluginATLAS/ATLAS_2012_I1126136.cc,0,0,,
rivet:ATLAS_2012_I1180197,ATLAS,rivet,search-recast,"Search for supersymmetry at 7 TeV in final states with jets, missing transverse momentum and isolated leptons with the ATLAS detector.",SUSY-2011-21,UNVALIDATED,direct,https://gitlab.com/hepcedar/rivet/-/blob/74816bd4cf29a9d71447f8c122887d498d3dea3a/analyses/pluginATLAS/ATLAS_2012_I1180197.cc,0,0,,
rivet:ATLAS_2012_I1183818,ATLAS,rivet,fiducial-measurement,Pseudorapidity dependence of the total transverse energy at 7 TeV,,VALIDATED,direct,https://gitlab.com/hepcedar/rivet/-/blob/74816bd4cf29a9d71447f8c122887d498d3dea3a/analyses/pluginATLAS/ATLAS_2012_I1183818.cc,1,0,,
rivet:ATLAS_2012_I1186556,ATLAS,rivet,search-recast,Search for a heavy top-quark partner in final states with two leptons.,SUSY-2012-09,UNVALIDATED,direct,https://gitlab.com/hepcedar/rivet/-/blob/74816bd4cf29a9d71447f8c122887d498d3dea3a/analyses/pluginATLAS/ATLAS_2012_I1186556.cc,0,0,,
rivet:ATLAS_2012_I1188891,ATLAS,rivet,fiducial-measurement,Flavour composition of dijet events at 7 TeV,STDM-2011-40,VALIDATED,direct,https://gitlab.com/hepcedar/rivet/-/blob/74816bd4cf29a9d71447f8c122887d498d3dea3a/analyses/pluginATLAS/ATLAS_2012_I1188891.cc,1,0,,
rivet:ATLAS_2012_I1190891,ATLAS,rivet,search-recast,4 or more lepton plus missing transverse energy SUSY search,SUSY-2012-17,UNVALIDATED,direct,https://gitlab.com/hepcedar/rivet/-/blob/74816bd4cf29a9d71447f8c122887d498d3dea3a/analyses/pluginATLAS/ATLAS_2012_I1190891.cc,0,0,,
rivet:ATLAS_2012_I1199269,ATLAS,rivet,fiducial-measurement,Inclusive diphoton $+ X$ events at $\sqrt{s} = 7$~TeV,STDM-2012-05,VALIDATED,direct,https://gitlab.com/hepcedar/rivet/-/blob/74816bd4cf29a9d71447f8c122887d498d3dea3a/analyses/pluginATLAS/ATLAS_2012_I1199269.cc,1,0,,
rivet:ATLAS_2012_I1203852,ATLAS,rivet,fiducial-measurement,Measurement of the $ZZ(*)$ production cross-section in $pp$ collisions at 7 TeV with ATLAS,STDM-2012-02,VALIDATED,direct,https://gitlab.com/hepcedar/rivet/-/blob/74816bd4cf29a9d71447f8c122887d498d3dea3a/analyses/pluginATLAS/ATLAS_2012_I1203852.cc,1,0,,
rivet:ATLAS_2012_I1204447,ATLAS,rivet,search-recast,Inclusive multi-lepton search,EXOT-2011-18,VALIDATED,direct,https://gitlab.com/hepcedar/rivet/-/blob/74816bd4cf29a9d71447f8c122887d498d3dea3a/analyses/pluginATLAS/ATLAS_2012_I1204447.cc,0,0,,
rivet:ATLAS_2012_I1204784,ATLAS,rivet,fiducial-measurement,Measurement of angular correlations in Drell-Yan lepton pairs to probe $Z/\gamma^*$ boson transverse momentum,STDM-2012-06,VALIDATED,direct,https://gitlab.com/hepcedar/rivet/-/blob/74816bd4cf29a9d71447f8c122887d498d3dea3a/analyses/pluginATLAS/ATLAS_2012_I1204784.cc,1,0,,
rivet:ATLAS_2012_I943401,ATLAS,rivet,search-recast,Search for supersymmetry with 2 leptons and missing transverse energy,,VALIDATED,direct,https://gitlab.com/hepcedar/rivet/-/blob/74816bd4cf29a9d71447f8c122887d498d3dea3a/analyses/pluginATLAS/ATLAS_2012_I943401.cc,1,0,,
rivet:ATLAS_2012_I946427,ATLAS,rivet,search-recast,Search for supersymmetry with diphotons and missing transverse momentum,,OBSOLETE,direct,https://gitlab.com/hepcedar/rivet/-/blob/74816bd4cf29a9d71447f8c122887d498d3dea3a/analyses/pluginATLAS/ATLAS_2012_I946427.cc,0,0,,
rivet:ATLAS_2013_I1190187,ATLAS,rivet,fiducial-measurement,Measurement of the $W^+ W^-$ production cross-section at 7 TeV,,VALIDATED,direct,https://gitlab.com/hepcedar/rivet/-/blob/74816bd4cf29a9d71447f8c122887d498d3dea3a/analyses/pluginATLAS/ATLAS_2013_I1190187.cc,1,0,,
rivet:ATLAS_2013_I1204994,ATLAS,rivet,fiducial-measurement,"$\Upsilon(1,2,3S)$ production at 7 TeV",BPHY-2011-06,VALIDATED,direct,https://gitlab.com/hepcedar/rivet/-/blob/74816bd4cf29a9d71447f8c122887d498d3dea3a/analyses/pluginATLAS/ATLAS_2013_I1204994.cc,1,0,,
rivet:ATLAS_2013_I1216670,ATLAS,rivet,fiducial-measurement,W + DPI at 7 TeV,STDM-2011-29,VALIDATED,direct,https://gitlab.com/hepcedar/rivet/-/blob/74816bd4cf29a9d71447f8c122887d498d3dea3a/analyses/pluginATLAS/ATLAS_2013_I1216670.cc,1,0,,
rivet:ATLAS_2013_I1217863,ATLAS,rivet,fiducial-measurement,W/Z + gamma production at 7 TeV,STDM-2012-07,VALIDATED,direct,https://gitlab.com/hepcedar/rivet/-/blob/74816bd4cf29a9d71447f8c122887d498d3dea3a/analyses/pluginATLAS/ATLAS_2013_I1217863.cc,1,0,,
rivet:ATLAS_2013_I1217867,ATLAS,rivet,fiducial-measurement,kT splitting scales in W->lv events,STDM-2012-12,VALIDATED,direct,https://gitlab.com/hepcedar/rivet/-/blob/74816bd4cf29a9d71447f8c122887d498d3dea3a/analyses/pluginATLAS/ATLAS_2013_I1217867.cc,1,0,,
rivet:ATLAS_2013_I1219109,ATLAS,rivet,fiducial-measurement,W + b production at 7 TeV,STDM-2012-11,VALIDATED,direct,https://gitlab.com/hepcedar/rivet/-/blob/74816bd4cf29a9d71447f8c122887d498d3dea3a/analyses/pluginATLAS/ATLAS_2013_I1219109.cc,1,0,,
rivet:ATLAS_2013_I1230812,ATLAS,rivet,fiducial-measurement,$Z$ + jets in $pp$ at 7 TeV,STDM-2012-04,VALIDATED,direct,https://gitlab.com/hepcedar/rivet/-/blob/74816bd4cf29a9d71447f8c122887d498d3dea3a/analyses/pluginATLAS/ATLAS_2013_I1230812.cc,1,0,,
rivet:ATLAS_2013_I1234228,ATLAS,rivet,fiducial-measurement,High-mass Drell-Yan at 7 TeV,STDM-2012-10,VALIDATED,direct,https://gitlab.com/hepcedar/rivet/-/blob/74816bd4cf29a9d71447f8c122887d498d3dea3a/analyses/pluginATLAS/ATLAS_2013_I1234228.cc,1,0,,
rivet:ATLAS_2013_I1240670,ATLAS,rivet,fiducial-measurement,$B^+$ meson production at 7 TeV,BPHY-2012-05,VALIDATED,direct,https://gitlab.com/hepcedar/rivet/-/blob/74816bd4cf29a9d71447f8c122887d498d3dea3a/analyses/pluginATLAS/ATLAS_2013_I1240670.cc,1,0,,
rivet:ATLAS_2013_I1243871,ATLAS,rivet,fiducial-measurement,Measurement of jet shapes in top quark pair events at $\sqrt{s} = 7$ TeV with ATLAS,STDM-2011-48,VALIDATED,direct,https://gitlab.com/hepcedar/rivet/-/blob/74816bd4cf29a9d71447f8c122887d498d3dea3a/analyses/pluginATLAS/ATLAS_2013_I1243871.cc,1,0,,
rivet:ATLAS_2013_I1244522,ATLAS,rivet,fiducial-measurement,Photon + jets,STDM-2012-18,VALIDATED,direct,https://gitlab.com/hepcedar/rivet/-/blob/74816bd4cf29a9d71447f8c122887d498d3dea3a/analyses/pluginATLAS/ATLAS_2013_I1244522.cc,1,0,,
rivet:ATLAS_2013_I1263495,ATLAS,rivet,fiducial-measurement,Inclusive isolated prompt photon analysis with 2011 LHC data,STDM-2012-16,VALIDATED,direct,https://gitlab.com/hepcedar/rivet/-/blob/74816bd4cf29a9d71447f8c122887d498d3dea3a/analyses/pluginATLAS/ATLAS_2013_I1263495.cc,1,0,,
rivet:ATLAS_2014_I1268975,ATLAS,rivet,fiducial-measurement,High-mass dijet cross section,,VALIDATED,direct,https://gitlab.com/hepcedar/rivet/-/blob/74816bd4cf29a9d71447f8c122887d498d3dea3a/analyses/pluginATLAS/ATLAS_2014_I1268975.cc,1,0,,
rivet:ATLAS_2014_I1279489,ATLAS,rivet,fiducial-measurement,"Measurements of electroweak production of dijets + $Z$ boson, and distributions sensitive to vector boson fusion",STDM-2013-02,VALIDATED,direct,https://gitlab.com/hepcedar/rivet/-/blob/74816bd4cf29a9d71447f8c122887d498d3dea3a/analyses/pluginATLAS/ATLAS_2014_I1279489.cc,1,0,,
rivet:ATLAS_2014_I1282441,ATLAS,rivet,fiducial-measurement,The differential production cross section of the $\phi(1020)$ meson in $\sqrt{s}=7$ TeV $pp$ collisions measured with the ATLAS detector,STDM-2011-47,VALIDATED,direct,https://gitlab.com/hepcedar/rivet/-/blob/74816bd4cf29a9d71447f8c122887d498d3dea3a/analyses/pluginATLAS/ATLAS_2014_I1282441.cc,1,0,,
rivet:ATLAS_2014_I1282447,ATLAS,rivet,flavour,W + charm production at 7 TeV,STDM-2012-14,VALIDATED,direct,https://gitlab.com/hepcedar/rivet/-/blob/74816bd4cf29a9d71447f8c122887d498d3dea3a/analyses/pluginATLAS/ATLAS_2014_I1282447.cc,1,0,flavour-domain,
rivet:ATLAS_2014_I1288706,ATLAS,rivet,fiducial-measurement,Measurement of the low-mass Drell-Yan differential cross section at 7 TeV,STDM-2011-41,VALIDATED,direct,https://gitlab.com/hepcedar/rivet/-/blob/74816bd4cf29a9d71447f8c122887d498d3dea3a/analyses/pluginATLAS/ATLAS_2014_I1288706.cc,1,0,,
rivet:ATLAS_2014_I1292798,ATLAS,rivet,fiducial-measurement,$\chi_{c1}$ and $\chi_{c2}$ production at 7 TeV,BPHY-2013-05,VALIDATED,direct,https://gitlab.com/hepcedar/rivet/-/blob/74816bd4cf29a9d71447f8c122887d498d3dea3a/analyses/pluginATLAS/ATLAS_2014_I1292798.cc,1,0,,
rivet:ATLAS_2014_I1298023,ATLAS,rivet,fiducial-measurement,Same-sign WW cross section,STDM-2013-06,VALIDATED,direct,https://gitlab.com/hepcedar/rivet/-/blob/74816bd4cf29a9d71447f8c122887d498d3dea3a/analyses/pluginATLAS/ATLAS_2014_I1298023.cc,1,0,,
rivet:ATLAS_2014_I1298811,ATLAS,rivet,fiducial-measurement,Leading jet underlying event at 7 TeV in ATLAS,STDM-2011-31,VALIDATED,direct,https://gitlab.com/hepcedar/rivet/-/blob/74816bd4cf29a9d71447f8c122887d498d3dea3a/analyses/pluginATLAS/ATLAS_2014_I1298811.cc,1,0,,
rivet:ATLAS_2014_I1300647,ATLAS,rivet,fiducial-measurement,Measurement of $Z/\gamma^*$ boson $p_T$ at $\sqrt{s} = 7\TeV$,STDM-2012-23,VALIDATED,direct,https://gitlab.com/hepcedar/rivet/-/blob/74816bd4cf29a9d71447f8c122887d498d3dea3a/analyses/pluginATLAS/ATLAS_2014_I1300647.cc,1,0,,
rivet:ATLAS_2014_I1304688,ATLAS,rivet,fiducial-measurement,Measurement of jet multiplicity and transverse momentum spectra in top events using full 7 TeV ATLAS dataset,TOPQ-2012-03,VALIDATED,direct,https://gitlab.com/hepcedar/rivet/-/blob/74816bd4cf29a9d71447f8c122887d498d3dea3a/analyses/pluginATLAS/ATLAS_2014_I1304688.cc,1,0,,
rivet:ATLAS_2014_I1306294,ATLAS,rivet,fiducial-measurement,Measurement of Z boson in association with b-jets at 7 TeV in ATLAS (electron channel),STDM-2012-15,VALIDATED,direct,https://gitlab.com/hepcedar/rivet/-/blob/74816bd4cf29a9d71447f8c122887d498d3dea3a/analyses/pluginATLAS/ATLAS_2014_I1306294.cc,1,0,,
rivet:ATLAS_2014_I1306615,ATLAS,rivet,fiducial-measurement,Higgs diphoton events at 8 TeV in ATLAS,HIGG-2013-10,VALIDATED,direct,https://gitlab.com/hepcedar/rivet/-/blob/74816bd4cf29a9d71447f8c122887d498d3dea3a/analyses/pluginATLAS/ATLAS_2014_I1306615.cc,1,0,,
rivet:ATLAS_2014_I1307243,ATLAS,rivet,fiducial-measurement,Measurements of jet vetoes and azimuthal decorrelations in dijet events produced in pp collisions at $\sqrt{s}$ = 7 TeV using the ATLAS detector,STDM-2012-17,VALIDATED,direct,https://gitlab.com/hepcedar/rivet/-/blob/74816bd4cf29a9d71447f8c122887d498d3dea3a/analyses/pluginATLAS/ATLAS_2014_I1307243.cc,1,0,,
rivet:ATLAS_2014_I1307756,ATLAS,rivet,search-recast,Search for scalar diphoton resonances in ATLAS at sqrt(s) = 8 TeV,HIGG-2014-04,VALIDATED,direct,https://gitlab.com/hepcedar/rivet/-/blob/74816bd4cf29a9d71447f8c122887d498d3dea3a/analyses/pluginATLAS/ATLAS_2014_I1307756.cc,1,0,,
rivet:ATLAS_2014_I1310835,ATLAS,rivet,fiducial-measurement,H(125) -> 4l at 8 TeV,HIGG-2013-22,VALIDATED,direct,https://gitlab.com/hepcedar/rivet/-/blob/74816bd4cf29a9d71447f8c122887d498d3dea3a/analyses/pluginATLAS/ATLAS_2014_I1310835.cc,1,0,,
rivet:ATLAS_2014_I1312627,ATLAS,rivet,fiducial-measurement,Ratios of $V$+jets observables between $W$ and $Z$ events,STDM-2012-25,VALIDATED,direct,https://gitlab.com/hepcedar/rivet/-/blob/74816bd4cf29a9d71447f8c122887d498d3dea3a/analyses/pluginATLAS/ATLAS_2014_I1312627.cc,1,0,,
rivet:ATLAS_2014_I1315949,ATLAS,rivet,fiducial-measurement,Distributions sensitive to the underlying event in inclusive Z-boson production at 7 TeV,STDM-2011-42,VALIDATED,direct,https://gitlab.com/hepcedar/rivet/-/blob/74816bd4cf29a9d71447f8c122887d498d3dea3a/analyses/pluginATLAS/ATLAS_2014_I1315949.cc,1,0,,
rivet:ATLAS_2014_I1319490,ATLAS,rivet,fiducial-measurement,W + jets,STDM-2012-24,VALIDATED,direct,https://gitlab.com/hepcedar/rivet/-/blob/74816bd4cf29a9d71447f8c122887d498d3dea3a/analyses/pluginATLAS/ATLAS_2014_I1319490.cc,1,0,,
rivet:ATLAS_2014_I1325553,ATLAS,rivet,fiducial-measurement,Measurement of the inclusive jet cross-section at 7 TeV,STDM-2013-11,VALIDATED,direct,https://gitlab.com/hepcedar/rivet/-/blob/74816bd4cf29a9d71447f8c122887d498d3dea3a/analyses/pluginATLAS/ATLAS_2014_I1325553.cc,1,0,,
rivet:ATLAS_2014_I1326641,ATLAS,rivet,fiducial-measurement,3-jet cross section with 7 TeV data,STDM-2013-09,VALIDATED,direct,https://gitlab.com/hepcedar/rivet/-/blob/74816bd4cf29a9d71447f8c122887d498d3dea3a/analyses/pluginATLAS/ATLAS_2014_I1326641.cc,1,0,,
rivet:ATLAS_2014_I1327229,ATLAS,rivet,search-recast,Inclusive multilepton search at 8 TeV,EXOT-2012-20,VALIDATED,direct,https://gitlab.com/hepcedar/rivet/-/blob/74816bd4cf29a9d71447f8c122887d498d3dea3a/analyses/pluginATLAS/ATLAS_2014_I1327229.cc,0,0,,
rivet:ATLAS_2015_CONF_2015_041,ATLAS,rivet,fiducial-measurement,$Z$+jets at 13 TeV,,OBSOLETE,direct,https://gitlab.com/hepcedar/rivet/-/blob/74816bd4cf29a9d71447f8c122887d498d3dea3a/analyses/pluginATLAS/ATLAS_2015_CONF_2015_041.cc,1,0,,
rivet:ATLAS_2015_I1345452,ATLAS,rivet,fiducial-measurement,Pseudo-top-antitop cross sections,TOPQ-2013-07,VALIDATED,direct,https://gitlab.com/hepcedar/rivet/-/blob/74816bd4cf29a9d71447f8c122887d498d3dea3a/analyses/pluginATLAS/ATLAS_2015_I1345452.cc,1,0,,
rivet:ATLAS_2015_I1351916,ATLAS,rivet,fiducial-measurement,$Z$ forward-backward asymmetry,STDM-2011-34,VALIDATED,direct,https://gitlab.com/hepcedar/rivet/-/blob/74816bd4cf29a9d71447f8c122887d498d3dea3a/analyses/pluginATLAS/ATLAS_2015_I1351916.cc,1,0,,
rivet:ATLAS_2015_I1360290,ATLAS,rivet,heavy-ion,Charged particle spectra in Pb--Pb collisions at $\sqrt{s_{NN}} = 2.76$ TeV.,HION-2011-03,UNVALIDATED,direct,https://gitlab.com/hepcedar/rivet/-/blob/74816bd4cf29a9d71447f8c122887d498d3dea3a/analyses/pluginATLAS/ATLAS_2015_I1360290.cc,1,0,centrality; heavy-ion-domain,
rivet:ATLAS_2015_I1364361,ATLAS,rivet,fiducial-measurement,Total and differential Higgs cross sections at 8 TeV with ATLAS,HIGG-2014-11,VALIDATED,direct,https://gitlab.com/hepcedar/rivet/-/blob/74816bd4cf29a9d71447f8c122887d498d3dea3a/analyses/pluginATLAS/ATLAS_2015_I1364361.cc,1,0,,
rivet:ATLAS_2015_I1376945,ATLAS,rivet,fiducial-measurement,Colour flow in hadronic top decay at 8 TeV,TOPQ-2014-09,VALIDATED,direct,https://gitlab.com/hepcedar/rivet/-/blob/74816bd4cf29a9d71447f8c122887d498d3dea3a/analyses/pluginATLAS/ATLAS_2015_I1376945.cc,1,0,,
rivet:ATLAS_2015_I1377585,ATLAS,rivet,fiducial-measurement,Exclusive photon-photon production of lepton pairs in proton-proton collisions at $\sqrt{s} = 7$ TeV,,VALIDATED,direct,https://gitlab.com/hepcedar/rivet/-/blob/74816bd4cf29a9d71447f8c122887d498d3dea3a/analyses/pluginATLAS/ATLAS_2015_I1377585.cc,1,0,,
rivet:ATLAS_2015_I1386475,ATLAS,rivet,heavy-ion,Centrality dependent of pseudorapidity distributions in p-Pb collisions $\sqrt{s_{_\text{NN}}}=5.02$ TeV.,HION-2012-15,UNVALIDATED,direct,https://gitlab.com/hepcedar/rivet/-/blob/74816bd4cf29a9d71447f8c122887d498d3dea3a/analyses/pluginATLAS/ATLAS_2015_I1386475.cc,1,0,centrality; heavy-ion-domain,
rivet:ATLAS_2015_I1387176,ATLAS,rivet,fiducial-measurement,Energy-energy correlation,STDM-2014-03,VALIDATED,direct,https://gitlab.com/hepcedar/rivet/-/blob/74816bd4cf29a9d71447f8c122887d498d3dea3a/analyses/pluginATLAS/ATLAS_2015_I1387176.cc,1,0,,
rivet:ATLAS_2015_I1390114,ATLAS,rivet,fiducial-measurement,$tt+b(b)$ at 8 TeV,TOPQ-2014-10,VALIDATED,direct,https://gitlab.com/hepcedar/rivet/-/blob/74816bd4cf29a9d71447f8c122887d498d3dea3a/analyses/pluginATLAS/ATLAS_2015_I1390114.cc,1,0,,
rivet:ATLAS_2015_I1393758,ATLAS,rivet,fiducial-measurement,Jet charge,STDM-2014-17,VALIDATED,direct,https://gitlab.com/hepcedar/rivet/-/blob/74816bd4cf29a9d71447f8c122887d498d3dea3a/analyses/pluginATLAS/ATLAS_2015_I1393758.cc,1,0,,
rivet:ATLAS_2015_I1394679,ATLAS,rivet,fiducial-measurement,Multijets at 8 TeV,STDM-2014-14,VALIDATED,direct,https://gitlab.com/hepcedar/rivet/-/blob/74816bd4cf29a9d71447f8c122887d498d3dea3a/analyses/pluginATLAS/ATLAS_2015_I1394679.cc,1,0,,
rivet:ATLAS_2015_I1394865,ATLAS,rivet,fiducial-measurement,Inclusive 4-lepton lineshape,STDM-2014-15,True,direct,https://gitlab.com/hepcedar/rivet/-/blob/74816bd4cf29a9d71447f8c122887d498d3dea3a/analyses/pluginATLAS/ATLAS_2015_I1394865.cc,1,0,,
rivet:ATLAS_2015_I1397635,ATLAS,rivet,fiducial-measurement,$Wt$ at 8 TeV,TOPQ-2012-20,VALIDATED,direct,https://gitlab.com/hepcedar/rivet/-/blob/74816bd4cf29a9d71447f8c122887d498d3dea3a/analyses/pluginATLAS/ATLAS_2015_I1397635.cc,1,0,,
rivet:ATLAS_2015_I1397637,ATLAS,rivet,fiducial-measurement,Boosted ttbar differential cross-section,TOPQ-2014-15,VALIDATED,direct,https://gitlab.com/hepcedar/rivet/-/blob/74816bd4cf29a9d71447f8c122887d498d3dea3a/analyses/pluginATLAS/ATLAS_2015_I1397637.cc,1,0,large-r-jets,
rivet:ATLAS_2015_I1404878,ATLAS,rivet,fiducial-measurement,ttbar (to l+jets) differential cross sections at 8 TeV,TOPQ-2015-06,VALIDATED,direct,https://gitlab.com/hepcedar/rivet/-/blob/74816bd4cf29a9d71447f8c122887d498d3dea3a/analyses/pluginATLAS/ATLAS_2015_I1404878.cc,1,0,,
rivet:ATLAS_2015_I1408516,ATLAS,rivet,fiducial-measurement,$Z$ $p_T$ and $Z$ $\phi^*$,STDM-2014-12,VALIDATED,direct,https://gitlab.com/hepcedar/rivet/-/blob/74816bd4cf29a9d71447f8c122887d498d3dea3a/analyses/pluginATLAS/ATLAS_2015_I1408516.cc,1,0,,
rivet:ATLAS_2016_CONF_2016_037,ATLAS,rivet,search-recast,Search for SUSY in 13~\TeV events with 2 or 3 leptons and multiple jets,,UNVALIDATED,direct,https://gitlab.com/hepcedar/rivet/-/blob/74816bd4cf29a9d71447f8c122887d498d3dea3a/analyses/pluginATLAS/ATLAS_2016_CONF_2016_037.cc,0,0,smearing,
rivet:ATLAS_2016_CONF_2016_054,ATLAS,rivet,search-recast,"ATLAS 2016 1-lepton SUSY search at 13~\TeV, from 14.8/fb CONF note",,UNVALIDATED,direct,https://gitlab.com/hepcedar/rivet/-/blob/74816bd4cf29a9d71447f8c122887d498d3dea3a/analyses/pluginATLAS/ATLAS_2016_CONF_2016_054.cc,0,0,smearing,
rivet:ATLAS_2016_CONF_2016_078,ATLAS,rivet,search-recast,ATLAS ICHEP16 0-lepton SUSY search at 13~\TeV with 13.2/fb,,VALIDATED,direct,https://gitlab.com/hepcedar/rivet/-/blob/74816bd4cf29a9d71447f8c122887d498d3dea3a/analyses/pluginATLAS/ATLAS_2016_CONF_2016_078.cc,0,0,smearing,
rivet:ATLAS_2016_CONF_2016_092,ATLAS,rivet,fiducial-measurement,Inclusive jet cross sections using early 13 TeV data,,OBSOLETE,direct,https://gitlab.com/hepcedar/rivet/-/blob/74816bd4cf29a9d71447f8c122887d498d3dea3a/analyses/pluginATLAS/ATLAS_2016_CONF_2016_092.cc,1,0,,
rivet:ATLAS_2016_CONF_2016_094,ATLAS,rivet,search-recast,"ATLAS 2016 1-lepton + many jets SUSY search at 13~\TeV, from 14.8/fb CONF note",,OBSOLETE,direct,https://gitlab.com/hepcedar/rivet/-/blob/74816bd4cf29a9d71447f8c122887d498d3dea3a/analyses/pluginATLAS/ATLAS_2016_CONF_2016_094.cc,0,0,smearing,
rivet:ATLAS_2016_I1408878,ATLAS,rivet,fiducial-measurement,"$D^{*\pm}$, $D^\pm$ and $D^\pm_s$ production at 7 TeV",BPHY-2013-04,VALIDATED,direct,https://gitlab.com/hepcedar/rivet/-/blob/74816bd4cf29a9d71447f8c122887d498d3dea3a/analyses/pluginATLAS/ATLAS_2016_I1408878.cc,1,0,,
rivet:ATLAS_2016_I1409298,ATLAS,rivet,flavour,Differential cross sections for $J/\psi$ and $\psi(2S)$ at 7 and 8 TeV,BPHY-2012-02,VALIDATED,direct,https://gitlab.com/hepcedar/rivet/-/blob/74816bd4cf29a9d71447f8c122887d498d3dea3a/analyses/pluginATLAS/ATLAS_2016_I1409298.cc,1,0,flavour-domain,
rivet:ATLAS_2016_I1419070,ATLAS,rivet,fiducial-measurement,Number of tracks in jets,STDM-2015-12,VALIDATED,direct,https://gitlab.com/hepcedar/rivet/-/blob/74816bd4cf29a9d71447f8c122887d498d3dea3a/analyses/pluginATLAS/ATLAS_2016_I1419070.cc,1,0,,
rivet:ATLAS_2016_I1419652,ATLAS,rivet,fiducial-measurement,Track-based minimum bias at 13 TeV in ATLAS,STDM-2015-02,VALIDATED,direct,https://gitlab.com/hepcedar/rivet/-/blob/74816bd4cf29a9d71447f8c122887d498d3dea3a/analyses/pluginATLAS/ATLAS_2016_I1419652.cc,1,0,,
rivet:ATLAS_2016_I1424838,ATLAS,rivet,fiducial-measurement,Event shapes in leptonic $Z$-events,STDM-2014-07,VALIDATED,direct,https://gitlab.com/hepcedar/rivet/-/blob/74816bd4cf29a9d71447f8c122887d498d3dea3a/analyses/pluginATLAS/ATLAS_2016_I1424838.cc,1,0,,
rivet:ATLAS_2016_I1426515,ATLAS,rivet,fiducial-measurement,WW production at 8 TeV,STDM-2013-07,VALIDATED,direct,https://gitlab.com/hepcedar/rivet/-/blob/74816bd4cf29a9d71447f8c122887d498d3dea3a/analyses/pluginATLAS/ATLAS_2016_I1426515.cc,1,0,,
rivet:ATLAS_2016_I1426523,ATLAS,rivet,fiducial-measurement,Measurement of the $WZ$ production cross section at 8 TeV,STDM-2014-02,VALIDATED,direct,https://gitlab.com/hepcedar/rivet/-/blob/74816bd4cf29a9d71447f8c122887d498d3dea3a/analyses/pluginATLAS/ATLAS_2016_I1426523.cc,1,0,,
rivet:ATLAS_2016_I1426695,ATLAS,rivet,fiducial-measurement,Track-based minimum bias at 8 TeV,STDM-2014-19,VALIDATED,direct,https://gitlab.com/hepcedar/rivet/-/blob/74816bd4cf29a9d71447f8c122887d498d3dea3a/analyses/pluginATLAS/ATLAS_2016_I1426695.cc,1,0,,
rivet:ATLAS_2016_I1444991,ATLAS,rivet,fiducial-measurement,Higgs-to-WW differential cross sections at 8 TeV,HIGG-2015-04,VALIDATED,direct,https://gitlab.com/hepcedar/rivet/-/blob/74816bd4cf29a9d71447f8c122887d498d3dea3a/analyses/pluginATLAS/ATLAS_2016_I1444991.cc,1,0,,
rivet:ATLAS_2016_I1448301,ATLAS,rivet,fiducial-measurement,$Z \gamma (\gamma)$ cross sections at 8 TeV,STDM-2014-01,VALIDATED,direct,https://gitlab.com/hepcedar/rivet/-/blob/74816bd4cf29a9d71447f8c122887d498d3dea3a/analyses/pluginATLAS/ATLAS_2016_I1448301.cc,1,0,,
rivet:ATLAS_2016_I1449082,ATLAS,rivet,fiducial-measurement,Charge asymmetry in top quark pair production in dilepton channel,TOPQ-2015-08,VALIDATED,direct,https://gitlab.com/hepcedar/rivet/-/blob/74816bd4cf29a9d71447f8c122887d498d3dea3a/analyses/pluginATLAS/ATLAS_2016_I1449082.cc,1,0,,
rivet:ATLAS_2016_I1452559,ATLAS,rivet,search-recast,Monojet + missing energy search with 3.2/fb of 13 TeV $pp$ data,EXOT-2015-03,UNVALIDATED,direct,https://gitlab.com/hepcedar/rivet/-/blob/74816bd4cf29a9d71447f8c122887d498d3dea3a/analyses/pluginATLAS/ATLAS_2016_I1452559.cc,0,0,smearing,
rivet:ATLAS_2016_I1457605,ATLAS,rivet,fiducial-measurement,Inclusive prompt photons at 8 TeV,STDM-2014-09,VALIDATED,direct,https://gitlab.com/hepcedar/rivet/-/blob/74816bd4cf29a9d71447f8c122887d498d3dea3a/analyses/pluginATLAS/ATLAS_2016_I1457605.cc,1,0,,
rivet:ATLAS_2016_I1458270,ATLAS,rivet,search-recast,0-lepton SUSY search with 3.2/fb of 13 TeV $pp$ data,SUSY-2015-06,"VALIDATED, UNOFFICIAL",direct,https://gitlab.com/hepcedar/rivet/-/blob/74816bd4cf29a9d71447f8c122887d498d3dea3a/analyses/pluginATLAS/ATLAS_2016_I1458270.cc,1,0,smearing,
rivet:ATLAS_2016_I1467230,ATLAS,rivet,fiducial-measurement,Track-based minimum bias with low-pT tracks at 13 TeV,STDM-2015-17,VALIDATED,direct,https://gitlab.com/hepcedar/rivet/-/blob/74816bd4cf29a9d71447f8c122887d498d3dea3a/analyses/pluginATLAS/ATLAS_2016_I1467230.cc,1,0,,
rivet:ATLAS_2016_I1467454,ATLAS,rivet,fiducial-measurement,High-mass Drell-Yan at 8 TeV,STDM-2014-06,VALIDATED,direct,https://gitlab.com/hepcedar/rivet/-/blob/74816bd4cf29a9d71447f8c122887d498d3dea3a/analyses/pluginATLAS/ATLAS_2016_I1467454.cc,1,0,,
rivet:ATLAS_2016_I1468167,ATLAS,rivet,fiducial-measurement,"Measurement of the inelastic proton--proton cross-section at $\sqrt{s} = 13\,\TeV$",STDM-2015-05,VALIDATED,direct,https://gitlab.com/hepcedar/rivet/-/blob/74816bd4cf29a9d71447f8c122887d498d3dea3a/analyses/pluginATLAS/ATLAS_2016_I1468167.cc,1,0,,
rivet:ATLAS_2016_I1468168,ATLAS,rivet,fiducial-measurement,Dileptonic $e \mu$ $t\bar{t}$ early cross-section measurement at 13~TeV,TOPQ-2015-09,VALIDATED,direct,https://gitlab.com/hepcedar/rivet/-/blob/74816bd4cf29a9d71447f8c122887d498d3dea3a/analyses/pluginATLAS/ATLAS_2016_I1468168.cc,1,0,,
rivet:ATLAS_2016_I1469071,ATLAS,rivet,fiducial-measurement,Measurement of the $WZ$ production cross section at 13 TeV,STDM-2015-19,VALIDATED,direct,https://gitlab.com/hepcedar/rivet/-/blob/74816bd4cf29a9d71447f8c122887d498d3dea3a/analyses/pluginATLAS/ATLAS_2016_I1469071.cc,1,0,,
rivet:ATLAS_2016_I1475477,ATLAS,rivet,fiducial-measurement,Exclusive WW and Higgs production at 8 TeV,,VALIDATED,direct,https://gitlab.com/hepcedar/rivet/-/blob/74816bd4cf29a9d71447f8c122887d498d3dea3a/analyses/pluginATLAS/ATLAS_2016_I1475477.cc,1,0,,
rivet:ATLAS_2016_I1478355,ATLAS,rivet,fiducial-measurement,Measurement of the bbar dijet dijet cross section at 7 TeV,STDM-2013-03,VALIDATED,direct,https://gitlab.com/hepcedar/rivet/-/blob/74816bd4cf29a9d71447f8c122887d498d3dea3a/analyses/pluginATLAS/ATLAS_2016_I1478355.cc,1,0,,
rivet:ATLAS_2016_I1479760,ATLAS,rivet,fiducial-measurement,Hard double-parton scattering in four-jet events at 7 TeV,STDM-2015-08,VALIDATED,direct,https://gitlab.com/hepcedar/rivet/-/blob/74816bd4cf29a9d71447f8c122887d498d3dea3a/analyses/pluginATLAS/ATLAS_2016_I1479760.cc,1,0,,
rivet:ATLAS_2016_I1487726,ATLAS,rivet,fiducial-measurement,Collinear W emissions at 8 TeV,STDM-2015-16,VALIDATED,direct,https://gitlab.com/hepcedar/rivet/-/blob/74816bd4cf29a9d71447f8c122887d498d3dea3a/analyses/pluginATLAS/ATLAS_2016_I1487726.cc,1,0,,
rivet:ATLAS_2016_I1492320,ATLAS,rivet,fiducial-measurement,WWW production at 8 TeV,STDM-2015-07,VALIDATED,direct,https://gitlab.com/hepcedar/rivet/-/blob/74816bd4cf29a9d71447f8c122887d498d3dea3a/analyses/pluginATLAS/ATLAS_2016_I1492320.cc,1,0,,
rivet:ATLAS_2016_I1494075,ATLAS,rivet,fiducial-measurement,ZZ -> 4 leptons / 2 leptons and 2 neutrinos measurment at 8TeV,STDM-2014-16,VALIDATED,direct,https://gitlab.com/hepcedar/rivet/-/blob/74816bd4cf29a9d71447f8c122887d498d3dea3a/analyses/pluginATLAS/ATLAS_2016_I1494075.cc,1,0,,
rivet:ATLAS_2016_I1502620,ATLAS,rivet,fiducial-measurement,W and Z inclusive cross sections at 7 TeV,STDM-2012-20,VALIDATED,direct,https://gitlab.com/hepcedar/rivet/-/blob/74816bd4cf29a9d71447f8c122887d498d3dea3a/analyses/pluginATLAS/ATLAS_2016_I1502620.cc,1,0,,
rivet:ATLAS_2017_I1495243,ATLAS,rivet,fiducial-measurement,ttbar + jets at 13 TeV,,VALIDATED,direct,https://gitlab.com/hepcedar/rivet/-/blob/74816bd4cf29a9d71447f8c122887d498d3dea3a/analyses/pluginATLAS/ATLAS_2017_I1495243.cc,1,0,,
rivet:ATLAS_2017_I1509919,ATLAS,rivet,fiducial-measurement,Track-based underlying event at 13 TeV in ATLAS,STDM-2016-07,VALIDATED,direct,https://gitlab.com/hepcedar/rivet/-/blob/74816bd4cf29a9d71447f8c122887d498d3dea3a/analyses/pluginATLAS/ATLAS_2017_I1509919.cc,1,0,,
rivet:ATLAS_2017_I1514251,ATLAS,rivet,fiducial-measurement,Z plus jets at 13 TeV,STDM-2016-01,VALIDATED,direct,https://gitlab.com/hepcedar/rivet/-/blob/74816bd4cf29a9d71447f8c122887d498d3dea3a/analyses/pluginATLAS/ATLAS_2017_I1514251.cc,1,0,,
rivet:ATLAS_2017_I1517194,ATLAS,rivet,fiducial-measurement,Electroweak $Wjj$ production at 8~TeV,STDM-2014-11,VALIDATED,direct,https://gitlab.com/hepcedar/rivet/-/blob/74816bd4cf29a9d71447f8c122887d498d3dea3a/analyses/pluginATLAS/ATLAS_2017_I1517194.cc,1,0,,
rivet:ATLAS_2017_I1589844,ATLAS,rivet,fiducial-measurement,$k_T$ splittings in $Z$ events at 8 TeV,STDM-2015-14,VALIDATED,direct,https://gitlab.com/hepcedar/rivet/-/blob/74816bd4cf29a9d71447f8c122887d498d3dea3a/analyses/pluginATLAS/ATLAS_2017_I1589844.cc,1,0,,
rivet:ATLAS_2017_I1591327,ATLAS,rivet,fiducial-measurement,Inclusive diphoton cross-sections at 8 TeV,STDM-2015-15,VALIDATED,direct,https://gitlab.com/hepcedar/rivet/-/blob/74816bd4cf29a9d71447f8c122887d498d3dea3a/analyses/pluginATLAS/ATLAS_2017_I1591327.cc,1,0,,
rivet:ATLAS_2017_I1598613,ATLAS,rivet,fiducial-measurement,BB to Jpsi plus mu at 8 TeV,BPHY-2015-04,VALIDATED,direct,https://gitlab.com/hepcedar/rivet/-/blob/74816bd4cf29a9d71447f8c122887d498d3dea3a/analyses/pluginATLAS/ATLAS_2017_I1598613.cc,1,0,,
rivet:ATLAS_2017_I1598613_BB,ATLAS,rivet,fiducial-measurement,BB to Jpsi + mu at 8 TeV,,VALIDATED,unresolved,,0,0,,no direct or declared alias source identified
rivet:ATLAS_2017_I1604029,ATLAS,rivet,fiducial-measurement,ttbar + gamma at 8 TeV,TOPQ-2015-21,VALIDATED,direct,https://gitlab.com/hepcedar/rivet/-/blob/74816bd4cf29a9d71447f8c122887d498d3dea3a/analyses/pluginATLAS/ATLAS_2017_I1604029.cc,1,0,,
rivet:ATLAS_2017_I1604271,ATLAS,rivet,fiducial-measurement,ATLAS Inclusive jet cross section measurement at sqrt(s)=8TeV,STDM-2015-01,VALIDATED,direct,https://gitlab.com/hepcedar/rivet/-/blob/74816bd4cf29a9d71447f8c122887d498d3dea3a/analyses/pluginATLAS/ATLAS_2017_I1604271.cc,1,0,,
rivet:ATLAS_2017_I1609253,ATLAS,rivet,fiducial-measurement,Multijet transverse energy-energy correlations (TEEC) at 8 TeV,STDM-2016-10,VALIDATED,direct,https://gitlab.com/hepcedar/rivet/-/blob/74816bd4cf29a9d71447f8c122887d498d3dea3a/analyses/pluginATLAS/ATLAS_2017_I1609253.cc,1,0,,
rivet:ATLAS_2017_I1609448,ATLAS,rivet,fiducial-measurement,$p_\text{T}^\text{miss}$+jets cross-section ratios at 13 TeV,EXOT-2016-03,VALIDATED,direct,https://gitlab.com/hepcedar/rivet/-/blob/74816bd4cf29a9d71447f8c122887d498d3dea3a/analyses/pluginATLAS/ATLAS_2017_I1609448.cc,1,0,,
rivet:ATLAS_2017_I1614149,ATLAS,rivet,fiducial-measurement,Resolved and boosted ttbar l+jets cross sections at 13 TeV,TOPQ-2016-01,VALIDATED,direct,https://gitlab.com/hepcedar/rivet/-/blob/74816bd4cf29a9d71447f8c122887d498d3dea3a/analyses/pluginATLAS/ATLAS_2017_I1614149.cc,1,0,fastjet-contrib; large-r-jets,
rivet:ATLAS_2017_I1624693,ATLAS,rivet,fiducial-measurement,Study of ordered hadron chains at 7 TeV,STDM-2014-08,VALIDATED,direct,https://gitlab.com/hepcedar/rivet/-/blob/74816bd4cf29a9d71447f8c122887d498d3dea3a/analyses/pluginATLAS/ATLAS_2017_I1624693.cc,1,0,,
rivet:ATLAS_2017_I1625109,ATLAS,rivet,fiducial-measurement,Measurement of $ZZ -> 4\ell$ production at 13 TeV,STDM-2016-15,VALIDATED,direct,https://gitlab.com/hepcedar/rivet/-/blob/74816bd4cf29a9d71447f8c122887d498d3dea3a/analyses/pluginATLAS/ATLAS_2017_I1625109.cc,1,0,,
rivet:ATLAS_2017_I1626105,ATLAS,rivet,fiducial-measurement,Dileptonic $t\bar{t}$ at 8 TeV,TOPQ-2015-02,VALIDATED,direct,https://gitlab.com/hepcedar/rivet/-/blob/74816bd4cf29a9d71447f8c122887d498d3dea3a/analyses/pluginATLAS/ATLAS_2017_I1626105.cc,1,0,,
rivet:ATLAS_2017_I1627873,ATLAS,rivet,fiducial-measurement,EW Zjj using early Run-2 data,STDM-2016-09,VALIDATED,direct,https://gitlab.com/hepcedar/rivet/-/blob/74816bd4cf29a9d71447f8c122887d498d3dea3a/analyses/pluginATLAS/ATLAS_2017_I1627873.cc,1,0,,
rivet:ATLAS_2017_I1632756,ATLAS,rivet,fiducial-measurement,Photon + heavy flavour at 8 TeV,STDM-2017-02,VALIDATED,direct,https://gitlab.com/hepcedar/rivet/-/blob/74816bd4cf29a9d71447f8c122887d498d3dea3a/analyses/pluginATLAS/ATLAS_2017_I1632756.cc,1,0,,
rivet:ATLAS_2017_I1637587,ATLAS,rivet,fiducial-measurement,Soft-Drop Jet Mass at 13 TeV,STDM-2017-04,VALIDATED,direct,https://gitlab.com/hepcedar/rivet/-/blob/74816bd4cf29a9d71447f8c122887d498d3dea3a/analyses/pluginATLAS/ATLAS_2017_I1637587.cc,1,0,fastjet-contrib; large-r-jets,
rivet:ATLAS_2017_I1644367,ATLAS,rivet,fiducial-measurement,Isolated triphotons at 8 TeV,STDM-2016-06,VALIDATED,direct,https://gitlab.com/hepcedar/rivet/-/blob/74816bd4cf29a9d71447f8c122887d498d3dea3a/analyses/pluginATLAS/ATLAS_2017_I1644367.cc,1,0,,
rivet:ATLAS_2017_I1645627,ATLAS,rivet,fiducial-measurement,Isolated photon + jets at 13 TeV,STDM-2017-01,VALIDATED,direct,https://gitlab.com/hepcedar/rivet/-/blob/74816bd4cf29a9d71447f8c122887d498d3dea3a/analyses/pluginATLAS/ATLAS_2017_I1645627.cc,1,0,,
rivet:ATLAS_2018_I1615866,ATLAS,rivet,fiducial-measurement,Exclusive photon-photon production of muon pairs in proton-proton collisions at $\sqrt{s} = 13$ TeV,,VALIDATED,direct,https://gitlab.com/hepcedar/rivet/-/blob/74816bd4cf29a9d71447f8c122887d498d3dea3a/analyses/pluginATLAS/ATLAS_2018_I1615866.cc,1,0,,
rivet:ATLAS_2018_I1622737,ATLAS,rivet,flavour,"Differential cross sections for $J/\psi$, $\psi(21S)$ and $\Upsilon(1,2,3S)$ at 5.02 TeV",HION-2014-05,VALIDATED,direct,https://gitlab.com/hepcedar/rivet/-/blob/74816bd4cf29a9d71447f8c122887d498d3dea3a/analyses/pluginATLAS/ATLAS_2018_I1622737.cc,1,0,flavour-domain,
rivet:ATLAS_2018_I1634970,ATLAS,rivet,fiducial-measurement,ATLAS Inclusive jet and dijet cross section measurement at sqrt(s)=13TeV,,VALIDATED,direct,https://gitlab.com/hepcedar/rivet/-/blob/74816bd4cf29a9d71447f8c122887d498d3dea3a/analyses/pluginATLAS/ATLAS_2018_I1634970.cc,1,0,,
rivet:ATLAS_2018_I1635273,ATLAS,rivet,fiducial-measurement,W + jets production at 8 TeV,,VALIDATED,direct,https://gitlab.com/hepcedar/rivet/-/blob/74816bd4cf29a9d71447f8c122887d498d3dea3a/analyses/pluginATLAS/ATLAS_2018_I1635273.cc,1,0,,
rivet:ATLAS_2018_I1646686,ATLAS,rivet,fiducial-measurement,All-hadronic boosted ttbar at 13 TeV,TOPQ-2016-09,VALIDATED,direct,https://gitlab.com/hepcedar/rivet/-/blob/74816bd4cf29a9d71447f8c122887d498d3dea3a/analyses/pluginATLAS/ATLAS_2018_I1646686.cc,1,0,large-r-jets,
rivet:ATLAS_2018_I1656578,ATLAS,rivet,fiducial-measurement,Differential $t\bar{t}$ $l$+jets cross-sections at 13~TeV,TOPQ-2017-01,VALIDATED,direct,https://gitlab.com/hepcedar/rivet/-/blob/74816bd4cf29a9d71447f8c122887d498d3dea3a/analyses/pluginATLAS/ATLAS_2018_I1656578.cc,1,0,,
rivet:ATLAS_2018_I1667046,ATLAS,rivet,search-recast,Search for R-parity-violating SUSY in multi-jet final states at 13 TeV,SUSY-2016-22,VALIDATED,direct,https://gitlab.com/hepcedar/rivet/-/blob/74816bd4cf29a9d71447f8c122887d498d3dea3a/analyses/pluginATLAS/ATLAS_2018_I1667046.cc,0,0,large-r-jets,
rivet:ATLAS_2018_I1676551,ATLAS,rivet,search-recast,Recursive jigsaw chargino-neutralino search with 2 or 3 charged leptons in 36/fb of 13 TeV pp,SUSY-2017-03,VALIDATED NOTREENTRY SINGLEWEIGHT,direct,https://gitlab.com/hepcedar/rivet/-/blob/74816bd4cf29a9d71447f8c122887d498d3dea3a/analyses/pluginATLAS/ATLAS_2018_I1676551.cc,1,0,smearing; tau-objects,
rivet:ATLAS_2018_I1677498,ATLAS,rivet,fiducial-measurement,WWbb at 13 TeV,TOPQ-2017-05,VALIDATED,direct,https://gitlab.com/hepcedar/rivet/-/blob/74816bd4cf29a9d71447f8c122887d498d3dea3a/analyses/pluginATLAS/ATLAS_2018_I1677498.cc,1,0,,
rivet:ATLAS_2018_I1698006,ATLAS,rivet,fiducial-measurement,Z(vv)+gamma measurement at 13 TeV,STDM-2017-18,VALIDATED,direct,https://gitlab.com/hepcedar/rivet/-/blob/74816bd4cf29a9d71447f8c122887d498d3dea3a/analyses/pluginATLAS/ATLAS_2018_I1698006.cc,1,0,,
rivet:ATLAS_2018_I1705857,ATLAS,rivet,fiducial-measurement,ttbb at 13 TeV,TOPQ-2017-12,VALIDATED,direct,https://gitlab.com/hepcedar/rivet/-/blob/74816bd4cf29a9d71447f8c122887d498d3dea3a/analyses/pluginATLAS/ATLAS_2018_I1705857.cc,1,0,,
rivet:ATLAS_2018_I1707015,ATLAS,rivet,fiducial-measurement,Measurement of normalized differential distributions in ttbar+photon production at 13 TeV,TOPQ-2017-14,VALIDATED,direct,https://gitlab.com/hepcedar/rivet/-/blob/74816bd4cf29a9d71447f8c122887d498d3dea3a/analyses/pluginATLAS/ATLAS_2018_I1707015.cc,1,0,,
rivet:ATLAS_2018_I1711114,ATLAS,rivet,fiducial-measurement,g \to bb at 13 TeV,STDM-2017-17,VALIDATED,direct,https://gitlab.com/hepcedar/rivet/-/blob/74816bd4cf29a9d71447f8c122887d498d3dea3a/analyses/pluginATLAS/ATLAS_2018_I1711114.cc,1,0,large-r-jets,
rivet:ATLAS_2018_I1711223,ATLAS,rivet,fiducial-measurement,Observation of electroweak WZjj production,STDM-2017-23,VALIDATED,direct,https://gitlab.com/hepcedar/rivet/-/blob/74816bd4cf29a9d71447f8c122887d498d3dea3a/analyses/pluginATLAS/ATLAS_2018_I1711223.cc,1,0,,
rivet:ATLAS_2019_I1718132,ATLAS,rivet,search-recast,Control region measurements for leptoquark search at 13 TeV,EXOT-2016-08,VALIDATED,direct,https://gitlab.com/hepcedar/rivet/-/blob/74816bd4cf29a9d71447f8c122887d498d3dea3a/analyses/pluginATLAS/ATLAS_2019_I1718132.cc,1,0,,
rivet:ATLAS_2019_I1720438,ATLAS,rivet,fiducial-measurement,Measurement of the $WZ$ production cross section at 13 TeV,STDM-2018-03,unknown,direct,https://gitlab.com/hepcedar/rivet/-/blob/74816bd4cf29a9d71447f8c122887d498d3dea3a/analyses/pluginATLAS/ATLAS_2019_I1720438.cc,1,0,,
rivet:ATLAS_2019_I1720442,ATLAS,rivet,fiducial-measurement,Inclusive 4-lepton lineshape at 13 TeV,STDM-2017-09,VALIDATED,direct,https://gitlab.com/hepcedar/rivet/-/blob/74816bd4cf29a9d71447f8c122887d498d3dea3a/analyses/pluginATLAS/ATLAS_2019_I1720442.cc,1,0,,
rivet:ATLAS_2019_I1724098,ATLAS,rivet,fiducial-measurement,Jet substructure at 13 TeV,STDM-2017-34,VALIDATED,direct,https://gitlab.com/hepcedar/rivet/-/blob/74816bd4cf29a9d71447f8c122887d498d3dea3a/analyses/pluginATLAS/ATLAS_2019_I1724098.cc,1,0,fastjet-contrib; large-r-jets,
rivet:ATLAS_2019_I1725190,ATLAS,rivet,fiducial-measurement,Dilepton mass spectrum in 13 TeV pp collisions with 139/fb Run 2 dataset,EXOT-2018-08,VALIDATED SINGLEWEIGHT NOREENTRY,direct,https://gitlab.com/hepcedar/rivet/-/blob/74816bd4cf29a9d71447f8c122887d498d3dea3a/analyses/pluginATLAS/ATLAS_2019_I1725190.cc,1,0,smearing,
rivet:ATLAS_2019_I1734263,ATLAS,rivet,fiducial-measurement,WW production at 13 TeV,STDM-2017-24,VALIDATED,direct,https://gitlab.com/hepcedar/rivet/-/blob/74816bd4cf29a9d71447f8c122887d498d3dea3a/analyses/pluginATLAS/ATLAS_2019_I1734263.cc,1,0,,
rivet:ATLAS_2019_I1736531,ATLAS,rivet,fiducial-measurement,Underlying event in inclusive Z boson production,STDM-2017-28,VALIDATED,direct,https://gitlab.com/hepcedar/rivet/-/blob/74816bd4cf29a9d71447f8c122887d498d3dea3a/analyses/pluginATLAS/ATLAS_2019_I1736531.cc,1,0,,
rivet:ATLAS_2019_I1738841,ATLAS,rivet,fiducial-measurement,Same-sign $WW$ Observation at 13 TeV,STDM-2017-06,VALIDATED,direct,https://gitlab.com/hepcedar/rivet/-/blob/74816bd4cf29a9d71447f8c122887d498d3dea3a/analyses/pluginATLAS/ATLAS_2019_I1738841.cc,1,0,,
rivet:ATLAS_2019_I1740909,ATLAS,rivet,fiducial-measurement,Jet fragmentation using charged particles,STDM-2017-16,VALIDATED,direct,https://gitlab.com/hepcedar/rivet/-/blob/74816bd4cf29a9d71447f8c122887d498d3dea3a/analyses/pluginATLAS/ATLAS_2019_I1740909.cc,1,0,,
rivet:ATLAS_2019_I1744201,ATLAS,rivet,fiducial-measurement,Z+jet at 8 TeV,STDM-2016-11,VALIDATED,direct,https://gitlab.com/hepcedar/rivet/-/blob/74816bd4cf29a9d71447f8c122887d498d3dea3a/analyses/pluginATLAS/ATLAS_2019_I1744201.cc,1,0,,
rivet:ATLAS_2019_I1746286,ATLAS,rivet,fiducial-measurement,K-short and Lambda production in ttbar events at 7 TeV,TOPQ-2016-05,VALIDATED,direct,https://gitlab.com/hepcedar/rivet/-/blob/74816bd4cf29a9d71447f8c122887d498d3dea3a/analyses/pluginATLAS/ATLAS_2019_I1746286.cc,1,0,,
rivet:ATLAS_2019_I1750330,ATLAS,rivet,fiducial-measurement,Semileptonic ttbar at 13 TeV,TOPQ-2018-15,VALIDATED,direct,https://gitlab.com/hepcedar/rivet/-/blob/74816bd4cf29a9d71447f8c122887d498d3dea3a/analyses/pluginATLAS/ATLAS_2019_I1750330.cc,1,0,large-r-jets,
rivet:ATLAS_2019_I1759875,ATLAS,rivet,fiducial-measurement,dileptonic ttbar at 13 TeV,TOPQ-2018-17,VALIDATED,direct,https://gitlab.com/hepcedar/rivet/-/blob/74816bd4cf29a9d71447f8c122887d498d3dea3a/analyses/pluginATLAS/ATLAS_2019_I1759875.cc,1,0,,
rivet:ATLAS_2019_I1762584,"ATLAS, ALFA",rivet,forward,Differential single diffractive cross sections at 8 TeV,STDM-2018-01,VALIDATED,direct,https://gitlab.com/hepcedar/rivet/-/blob/74816bd4cf29a9d71447f8c122887d498d3dea3a/analyses/pluginATLAS/ATLAS_2019_I1762584.cc,1,0,forward-domain,
rivet:ATLAS_2019_I1764342,ATLAS,rivet,fiducial-measurement,Z(ll)y cross-section at 13 TeV,STDM-2018-04,VALIDATED,direct,https://gitlab.com/hepcedar/rivet/-/blob/74816bd4cf29a9d71447f8c122887d498d3dea3a/analyses/pluginATLAS/ATLAS_2019_I1764342.cc,1,0,,
rivet:ATLAS_2019_I1768911,ATLAS,rivet,fiducial-measurement,Z pT and Z phi* at 13 TeV,STDM-2018-14,VALIDATED,direct,https://gitlab.com/hepcedar/rivet/-/blob/74816bd4cf29a9d71447f8c122887d498d3dea3a/analyses/pluginATLAS/ATLAS_2019_I1768911.cc,1,0,,
rivet:ATLAS_2019_I1772062,ATLAS,rivet,fiducial-measurement,Soft-drop observables,STDM-2017-33,VALIDATED,direct,https://gitlab.com/hepcedar/rivet/-/blob/74816bd4cf29a9d71447f8c122887d498d3dea3a/analyses/pluginATLAS/ATLAS_2019_I1772062.cc,1,0,fastjet-contrib; large-r-jets,
rivet:ATLAS_2019_I1772071,ATLAS,rivet,fiducial-measurement,Measurement of isolated-photon plus two-jet production,STDM-2017-32,VALIDATED,direct,https://gitlab.com/hepcedar/rivet/-/blob/74816bd4cf29a9d71447f8c122887d498d3dea3a/analyses/pluginATLAS/ATLAS_2019_I1772071.cc,1,0,,
rivet:ATLAS_2020_I1788444,ATLAS,rivet,fiducial-measurement,Differential cross-sections for Z + b-jets,STDM-2017-38,VALIDATED,direct,https://gitlab.com/hepcedar/rivet/-/blob/74816bd4cf29a9d71447f8c122887d498d3dea3a/analyses/pluginATLAS/ATLAS_2020_I1788444.cc,1,0,,
rivet:ATLAS_2020_I1790256,ATLAS,rivet,fiducial-measurement,Lund jet plane with charged particles,,VALIDATED,direct,https://gitlab.com/hepcedar/rivet/-/blob/74816bd4cf29a9d71447f8c122887d498d3dea3a/analyses/pluginATLAS/ATLAS_2020_I1790256.cc,1,0,fastjet-contrib,
rivet:ATLAS_2020_I1790439,ATLAS,rivet,fiducial-measurement,Higgs to 4-lepton at 13 TeV,HIGG-2018-29,VALIDATED,direct,https://gitlab.com/hepcedar/rivet/-/blob/74816bd4cf29a9d71447f8c122887d498d3dea3a/analyses/pluginATLAS/ATLAS_2020_I1790439.cc,1,0,,
rivet:ATLAS_2020_I1801434,ATLAS,rivet,fiducial-measurement,Top-quark pair single- and double-differential cross-sections in the all-hadronic channel,TOPQ-2018-18,VALIDATED,direct,https://gitlab.com/hepcedar/rivet/-/blob/74816bd4cf29a9d71447f8c122887d498d3dea3a/analyses/pluginATLAS/ATLAS_2020_I1801434.cc,1,0,,
rivet:ATLAS_2020_I1803608,ATLAS,rivet,fiducial-measurement,Electroweak Zjj at 13 TeV,STDM-2017-27,VALIDATED,direct,https://gitlab.com/hepcedar/rivet/-/blob/74816bd4cf29a9d71447f8c122887d498d3dea3a/analyses/pluginATLAS/ATLAS_2020_I1803608.cc,1,0,,
rivet:ATLAS_2020_I1808726,ATLAS,rivet,fiducial-measurement,Hadronic event shapes in multijet final states,STDM-2019-02,VALIDATED,direct,https://gitlab.com/hepcedar/rivet/-/blob/74816bd4cf29a9d71447f8c122887d498d3dea3a/analyses/pluginATLAS/ATLAS_2020_I1808726.cc,1,0,,
rivet:ATLAS_2021_I1832628,ATLAS,rivet,heavy-ion,$\mu^+\mu^-$ production in ultraperipheral Pb+Pb collisions at $\sqrt{s}_{NN}=5.02$TeV,HION-2016-02,VALIDATED,direct,https://gitlab.com/hepcedar/rivet/-/blob/74816bd4cf29a9d71447f8c122887d498d3dea3a/analyses/pluginATLAS/ATLAS_2021_I1832628.cc,1,0,heavy-ion-domain,
rivet:ATLAS_2021_I1849535,ATLAS,rivet,fiducial-measurement,Inclusive 4-lepton cross sections at 13 TeV,STDM-2018-30,VALIDATED,direct,https://gitlab.com/hepcedar/rivet/-/blob/74816bd4cf29a9d71447f8c122887d498d3dea3a/analyses/pluginATLAS/ATLAS_2021_I1849535.cc,1,0,,
rivet:ATLAS_2021_I1852328,ATLAS,rivet,fiducial-measurement,WW + $\geq$1 jet production at 13 TeV,STDM-2018-34,VALIDATED,direct,https://gitlab.com/hepcedar/rivet/-/blob/74816bd4cf29a9d71447f8c122887d498d3dea3a/analyses/pluginATLAS/ATLAS_2021_I1852328.cc,1,0,,
rivet:ATLAS_2021_I1887997,ATLAS,rivet,fiducial-measurement,$\gamma\gamma$ production at 13 TeV,,VALIDATED,direct,https://gitlab.com/hepcedar/rivet/-/blob/74816bd4cf29a9d71447f8c122887d498d3dea3a/analyses/pluginATLAS/ATLAS_2021_I1887997.cc,1,0,,
rivet:ATLAS_2021_I1913061,ATLAS,rivet,fiducial-measurement,b-fragmentation at 13 TeV,,VALIDATED,direct,https://gitlab.com/hepcedar/rivet/-/blob/74816bd4cf29a9d71447f8c122887d498d3dea3a/analyses/pluginATLAS/ATLAS_2021_I1913061.cc,1,0,,
rivet:ATLAS_2021_I1941095,ATLAS,rivet,fiducial-measurement,energy asymmetry in ttj @ 13 TeV,,VALIDATED,direct,https://gitlab.com/hepcedar/rivet/-/blob/74816bd4cf29a9d71447f8c122887d498d3dea3a/analyses/pluginATLAS/ATLAS_2021_I1941095.cc,1,0,large-r-jets,
rivet:ATLAS_2022_I2023464,ATLAS,rivet,fiducial-measurement,H->yy differentual cross-sections at 13 TeV,,VALIDATED,direct,https://gitlab.com/hepcedar/rivet/-/blob/74816bd4cf29a9d71447f8c122887d498d3dea3a/analyses/pluginATLAS/ATLAS_2022_I2023464.cc,1,0,,
rivet:ATLAS_2022_I2037744,ATLAS,rivet,fiducial-measurement,"Semileptonic ttbar with high pT top at 13 TeV, single- and double-differential cross-sections",TOPQ-2019-23,VALIDATED,direct,https://gitlab.com/hepcedar/rivet/-/blob/74816bd4cf29a9d71447f8c122887d498d3dea3a/analyses/pluginATLAS/ATLAS_2022_I2037744.cc,1,0,large-r-jets,
rivet:ATLAS_2022_I2077570,ATLAS,rivet,fiducial-measurement,Z + high transverse momentum jets at ATLAS,,VALIDATED,direct,https://gitlab.com/hepcedar/rivet/-/blob/74816bd4cf29a9d71447f8c122887d498d3dea3a/analyses/pluginATLAS/ATLAS_2022_I2077570.cc,1,0,,
rivet:ATLAS_2022_I2077575,ATLAS,rivet,fiducial-measurement,All-hadronic boosted ttbar at 13 TeV,TOPQ-2018-11,VALIDATED,direct,https://gitlab.com/hepcedar/rivet/-/blob/74816bd4cf29a9d71447f8c122887d498d3dea3a/analyses/pluginATLAS/ATLAS_2022_I2077575.cc,1,0,large-r-jets,
rivet:ATLAS_2022_I2103950,ATLAS,rivet,search-recast,WW production in pp at 13 TeV in electroweak SUSY inspired phase space,SUSY-2021-06,VALIDATED,direct,https://gitlab.com/hepcedar/rivet/-/blob/74816bd4cf29a9d71447f8c122887d498d3dea3a/analyses/pluginATLAS/ATLAS_2022_I2103950.cc,1,0,,
rivet:ATLAS_2022_I2152933,ATLAS,rivet,fiducial-measurement,Measurement of observables sensitive to colour reconnection in ttbar dileptonic emu channel at 13 TeV,TOPQ-2019-01,VALIDATED,direct,https://gitlab.com/hepcedar/rivet/-/blob/74816bd4cf29a9d71447f8c122887d498d3dea3a/analyses/pluginATLAS/ATLAS_2022_I2152933.cc,1,0,,
rivet:ATLAS_2022_I2172216,ATLAS,rivet,search-recast,ATLAS search for pair produced VLQs with a leptonically decaying Z-boson and a 3rd generation quark.,EXOT-2018-58,VALIDATED,direct,https://gitlab.com/hepcedar/rivet/-/blob/74816bd4cf29a9d71447f8c122887d498d3dea3a/analyses/pluginONNX/ATLAS_2022_I2172216.cc,1,0,onnx; smearing; tau-objects,
rivet:ATLAS_2022_I2182381,ATLAS,rivet,search-recast,Search for SUSY (gluino pair production) in multi-b final states,SUSY-2018-30,VALIDATED,direct,https://gitlab.com/hepcedar/rivet/-/blob/74816bd4cf29a9d71447f8c122887d498d3dea3a/analyses/pluginONNX/ATLAS_2022_I2182381.cc,0,1,smearing; large-r-jets,
rivet:ATLAS_2022_I2593322,ATLAS,rivet,fiducial-measurement,Zyy cross-section measurement at 13 TeV,,VALIDATED,direct,https://gitlab.com/hepcedar/rivet/-/blob/74816bd4cf29a9d71447f8c122887d498d3dea3a/analyses/pluginATLAS/ATLAS_2022_I2593322.cc,1,0,,
rivet:ATLAS_2022_I2614196,ATLAS,rivet,fiducial-measurement,Zy+jets at 13 TeV,STDM-2020-14,VALIDATED,direct,https://gitlab.com/hepcedar/rivet/-/blob/74816bd4cf29a9d71447f8c122887d498d3dea3a/analyses/pluginATLAS/ATLAS_2022_I2614196.cc,1,0,,
rivet:ATLAS_2023_I2625697,ATLAS,rivet,fiducial-measurement,Transverse energ-energy correlations in multijets at 13 TeV,,VALIDATED,direct,https://gitlab.com/hepcedar/rivet/-/blob/74816bd4cf29a9d71447f8c122887d498d3dea3a/analyses/pluginATLAS/ATLAS_2023_I2625697.cc,1,0,,
rivet:ATLAS_2023_I2628732,ATLAS,rivet,flavour,W+D production in pp at 13 TeV,STDM-2019-22,VALIDATED,direct,https://gitlab.com/hepcedar/rivet/-/blob/74816bd4cf29a9d71447f8c122887d498d3dea3a/analyses/pluginATLAS/ATLAS_2023_I2628732.cc,1,0,flavour-domain,
rivet:ATLAS_2023_I2648096,ATLAS,rivet,fiducial-measurement,dileptonic ttbar at 13 TeV,TOPQ-2018-26,VALIDATED,direct,https://gitlab.com/hepcedar/rivet/-/blob/74816bd4cf29a9d71447f8c122887d498d3dea3a/analyses/pluginATLAS/ATLAS_2023_I2648096.cc,1,0,,
rivet:ATLAS_2023_I2663256,ATLAS,rivet,search-recast,Semivisible jets t-channel search,EXOT-2022-37,VALIDATED,direct,https://gitlab.com/hepcedar/rivet/-/blob/74816bd4cf29a9d71447f8c122887d498d3dea3a/analyses/pluginATLAS/ATLAS_2023_I2663256.cc,1,0,smearing,
rivet:ATLAS_2023_I2663725,ATLAS,rivet,fiducial-measurement,VBS Zy production at 13 TeV,STDM-2018-36,VALIDATED,direct,https://gitlab.com/hepcedar/rivet/-/blob/74816bd4cf29a9d71447f8c122887d498d3dea3a/analyses/pluginATLAS/ATLAS_2023_I2663725.cc,1,0,,
rivet:ATLAS_2023_I2690799,ATLAS,rivet,fiducial-measurement,Measurement of electroweak 4 lepton + 2 jet production,STDM-2020-02,VALIDATED,direct,https://gitlab.com/hepcedar/rivet/-/blob/74816bd4cf29a9d71447f8c122887d498d3dea3a/analyses/pluginATLAS/ATLAS_2023_I2690799.cc,1,0,centrality,
rivet:ATLAS_2023_I2723369,ATLAS,rivet,fiducial-measurement,ZZ production at 13.6 TeV,STDM-2022-17,VALIDATED,direct,https://gitlab.com/hepcedar/rivet/-/blob/74816bd4cf29a9d71447f8c122887d498d3dea3a/analyses/pluginATLAS/ATLAS_2023_I2723369.cc,1,0,,
rivet:ATLAS_2024_I2762099,ATLAS,rivet,fiducial-measurement,WZ polarisation at 13 TeV,STDM-2020-01,UNPHYSICAL,direct,https://gitlab.com/hepcedar/rivet/-/blob/74816bd4cf29a9d71447f8c122887d498d3dea3a/analyses/pluginATLAS/ATLAS_2024_I2762099.cc,1,0,,
rivet:ATLAS_2024_I2765017,ATLAS,rivet,fiducial-measurement,pTmiss+jets cross-sections and ratios at 13 TeV,STDM-2018-55,VALIDATED,direct,https://gitlab.com/hepcedar/rivet/-/blob/74816bd4cf29a9d71447f8c122887d498d3dea3a/analyses/pluginATLAS/ATLAS_2024_I2765017.cc,1,0,,
rivet:ATLAS_2024_I2768921,ATLAS,rivet,fiducial-measurement,ttbar + gamma at 13 TeV,TOPQ-2018-24,VALIDATED,direct,https://gitlab.com/hepcedar/rivet/-/blob/74816bd4cf29a9d71447f8c122887d498d3dea3a/analyses/pluginATLAS/ATLAS_2024_I2768921.cc,1,1,,
rivet:ATLAS_2024_I2771257,ATLAS,rivet,fiducial-measurement,Z+b(b) and Z+c at 13 TeV,STDM-2018-43,VALIDATED,direct,https://gitlab.com/hepcedar/rivet/-/blob/74816bd4cf29a9d71447f8c122887d498d3dea3a/analyses/pluginATLAS/ATLAS_2024_I2771257.cc,1,0,,
rivet:ATLAS_2024_I2784422,ATLAS,rivet,fiducial-measurement,ATLAS Kaon and Lambda underlying-event spectra at 13 TeV,STDM-2018-60,VALIDATED,direct,https://gitlab.com/hepcedar/rivet/-/blob/74816bd4cf29a9d71447f8c122887d498d3dea3a/analyses/pluginATLAS/ATLAS_2024_I2784422.cc,1,0,,
rivet:ATLAS_2024_I2791854,ATLAS,rivet,fiducial-measurement,Jet cross-section ratios at 13 TeV,STDM-2020-04,VALIDATED,direct,https://gitlab.com/hepcedar/rivet/-/blob/74816bd4cf29a9d71447f8c122887d498d3dea3a/analyses/pluginATLAS/ATLAS_2024_I2791854.cc,1,0,,
rivet:ATLAS_2024_I2809112,ATLAS,rivet,fiducial-measurement,ttbb production at 13 TeV,STDM-2019-03,VALIDATED,direct,https://gitlab.com/hepcedar/rivet/-/blob/74816bd4cf29a9d71447f8c122887d498d3dea3a/analyses/pluginATLAS/ATLAS_2024_I2809112.cc,1,1,,
rivet:ATLAS_2024_I2829427,ATLAS,rivet,heavy-ion,Photonuclear jet production in ultraperipheral Pb+Pb at 5TeV,,VALIDATED,direct,https://gitlab.com/hepcedar/rivet/-/blob/74816bd4cf29a9d71447f8c122887d498d3dea3a/analyses/pluginATLAS/ATLAS_2024_I2829427.cc,1,0,heavy-ion-domain,
rivet:ATLAS_2024_I2845789,ATLAS,rivet,search-recast,ATLAS search for triple higgs boson production in the 6$b$ final state,,VALIDATED,direct,https://gitlab.com/hepcedar/rivet/-/blob/74816bd4cf29a9d71447f8c122887d498d3dea3a/analyses/pluginONNX/ATLAS_2024_I2845789.cc,1,0,smearing,
rivet:ATLAS_2025_I2895869,ATLAS,rivet,fiducial-measurement,High-mass CC Drell-Yan at 13 TeV,STDM-2018-41,VALIDATED,direct,https://gitlab.com/hepcedar/rivet/-/blob/74816bd4cf29a9d71447f8c122887d498d3dea3a/analyses/pluginATLAS/ATLAS_2025_I2895869.cc,1,0,,
rivet:ATLAS_2025_I2905252,ATLAS,rivet,fiducial-measurement,High-mass di-tau at 13 TeV,,VALIDATED,direct,https://gitlab.com/hepcedar/rivet/-/blob/74816bd4cf29a9d71447f8c122887d498d3dea3a/analyses/pluginATLAS/ATLAS_2025_I2905252.cc,1,0,tau-objects,
rivet:ATLAS_2025_I2971071,ATLAS,rivet,fiducial-measurement,Lepton differential ttbar analysis at 13 TeV,TOPQ-2024-12,VALIDATED,direct,https://gitlab.com/hepcedar/rivet/-/blob/74816bd4cf29a9d71447f8c122887d498d3dea3a/analyses/pluginATLAS/ATLAS_2025_I2971071.cc,1,0,,
rivet:ATLAS_2026_I3098996,ATLAS,rivet,fiducial-measurement,Differential cross-sections of t-channel single-top production,TOPQ-2023-44,VALIDATED,direct,https://gitlab.com/hepcedar/rivet/-/blob/74816bd4cf29a9d71447f8c122887d498d3dea3a/analyses/pluginATLAS/ATLAS_2026_I3098996.cc,1,0,,
rivet:ATLAS_2026_I3133996,ATLAS,rivet,fiducial-measurement,Inclusive Wy production at 13 TeV,STDM-2022-15,VALIDATED,direct,https://gitlab.com/hepcedar/rivet/-/blob/74816bd4cf29a9d71447f8c122887d498d3dea3a/analyses/pluginONNX/ATLAS_2026_I3133996.cc,1,0,,
rivet:ATLAS_2026_I3161800,ATLAS,rivet,search-recast,Search for pair-produced vector-like T-quarks decaying to H(bb)t+X,EXOT-2022-05,VALIDATED,direct,https://gitlab.com/hepcedar/rivet/-/blob/74816bd4cf29a9d71447f8c122887d498d3dea3a/analyses/pluginONNX/ATLAS_2026_I3161800.cc,0,0,fastjet-contrib; smearing; large-r-jets,
rivet:ATLAS_CENT_PPB_CALIB,ATLAS,rivet,calibration,ATLAS proton-lead centrality calibration analysis.,,UNVALIDATED,direct,https://gitlab.com/hepcedar/rivet/-/blob/74816bd4cf29a9d71447f8c122887d498d3dea3a/analyses/pluginATLAS/ATLAS_CENT_PPB_CALIB.cc,1,0,heavy-ion-domain,
rivet:ATLAS_PBPB_CENTRALITY,ATLAS,rivet,calibration,Centrality calibration / forward energy flow Pb--Pb.,,UNVALIDATED,direct,https://gitlab.com/hepcedar/rivet/-/blob/74816bd4cf29a9d71447f8c122887d498d3dea3a/analyses/pluginATLAS/ATLAS_PBPB_CENTRALITY.cc,1,0,heavy-ion-domain,
rivet:CMSTOTEM_2014_I1294140,"CMS, TOTEM",rivet,forward,Charged particle pseudorapidity distribution at $\sqrt{s}$=8 TeV,,VALIDATED,direct,https://gitlab.com/hepcedar/rivet/-/blob/74816bd4cf29a9d71447f8c122887d498d3dea3a/analyses/pluginTOTEM/CMSTOTEM_2014_I1294140.cc,1,0,,
rivet:CMS_2010_I845323,CMS,rivet,fiducial-measurement,Charged-particle pT and pseudorapidity spectra from pp collisions at 900 and 2360 GeV.,,VALIDATED,direct,https://gitlab.com/hepcedar/rivet/-/blob/74816bd4cf29a9d71447f8c122887d498d3dea3a/analyses/pluginCMS/CMS_2010_I845323.cc,1,0,,
rivet:CMS_2010_I855299,CMS,rivet,fiducial-measurement,Charged-particle transverse momentum and pseudorapidity spectra from proton-proton collisions at 7000 GeV,,VALIDATED,direct,https://gitlab.com/hepcedar/rivet/-/blob/74816bd4cf29a9d71447f8c122887d498d3dea3a/analyses/pluginCMS/CMS_2010_I855299.cc,1,0,,
rivet:CMS_2010_PAS_QCD_10_024,CMS,rivet,fiducial-measurement,Pseudorapidity distributions of charged particles at $\sqrt{s} = 0.9$ and 7 TeV,,VALIDATED,direct,https://gitlab.com/hepcedar/rivet/-/blob/74816bd4cf29a9d71447f8c122887d498d3dea3a/analyses/pluginCMS/CMS_2010_PAS_QCD_10_024.cc,1,0,,
rivet:CMS_2011_I878118,CMS,rivet,fiducial-measurement,J/$\psi$ production at 7 TeV,,VALIDATED,direct,https://gitlab.com/hepcedar/rivet/-/blob/74816bd4cf29a9d71447f8c122887d498d3dea3a/analyses/pluginCMS/CMS_2011_I878118.cc,1,0,,
rivet:CMS_2011_I879315,CMS,rivet,fiducial-measurement,"Measurement of the NSD charged particle multiplicity at $\sqrt{s} = 0.9$, 2.36, and 7 TeV",,VALIDATED,direct,https://gitlab.com/hepcedar/rivet/-/blob/74816bd4cf29a9d71447f8c122887d498d3dea3a/analyses/pluginCMS/CMS_2011_I879315.cc,1,0,,
rivet:CMS_2011_I883318,CMS,rivet,fiducial-measurement,$B^+$ cross section at 7 TeV,,VALIDATED,direct,https://gitlab.com/hepcedar/rivet/-/blob/74816bd4cf29a9d71447f8c122887d498d3dea3a/analyses/pluginCMS/CMS_2011_I883318.cc,1,0,,
rivet:CMS_2011_I884811,CMS,rivet,fiducial-measurement,Production cross-sections of muons from $b$ hadron decays in $pp$ collisions,,VALIDATED,direct,https://gitlab.com/hepcedar/rivet/-/blob/74816bd4cf29a9d71447f8c122887d498d3dea3a/analyses/pluginCMS/CMS_2011_I884811.cc,1,0,,
rivet:CMS_2011_I885663,CMS,rivet,fiducial-measurement,Dijet azimuthal decorrelations in $pp$ collisions at $\sqrt{s} = 7$ TeV,,VALIDATED,direct,https://gitlab.com/hepcedar/rivet/-/blob/74816bd4cf29a9d71447f8c122887d498d3dea3a/analyses/pluginCMS/CMS_2011_I885663.cc,1,0,,
rivet:CMS_2011_I886332,CMS,rivet,fiducial-measurement,Event shapes at 7 TeV,,VALIDATED,direct,https://gitlab.com/hepcedar/rivet/-/blob/74816bd4cf29a9d71447f8c122887d498d3dea3a/analyses/pluginCMS/CMS_2011_I886332.cc,1,0,,
rivet:CMS_2011_I889175,CMS,rivet,search-recast,Dijet angular distributions and search for quark compositeness in $pp$ collisions at $\sqrt{s} = 7$ TeV,,VALIDATED,direct,https://gitlab.com/hepcedar/rivet/-/blob/74816bd4cf29a9d71447f8c122887d498d3dea3a/analyses/pluginCMS/CMS_2011_I889175.cc,1,0,,
rivet:CMS_2011_I889807,CMS,rivet,fiducial-measurement,$B/\bar{B}$ angular correlations based on secondary vertex reconstruction in $pp$ collisions,,VALIDATED,direct,https://gitlab.com/hepcedar/rivet/-/blob/74816bd4cf29a9d71447f8c122887d498d3dea3a/analyses/pluginCMS/CMS_2011_I889807.cc,1,0,,
rivet:CMS_2011_I890166,CMS,rivet,fiducial-measurement,"$K_s$, $\Lambda$, and Cascade$-$ transverse momentum and rapidity spectra at 900 and 7000 GeV.",,VALIDATED,direct,https://gitlab.com/hepcedar/rivet/-/blob/74816bd4cf29a9d71447f8c122887d498d3dea3a/analyses/pluginCMS/CMS_2011_I890166.cc,1,0,,
rivet:CMS_2011_I896211,CMS,rivet,fiducial-measurement,$B^0$ cross section at 7 TeV,,VALIDATED,direct,https://gitlab.com/hepcedar/rivet/-/blob/74816bd4cf29a9d71447f8c122887d498d3dea3a/analyses/pluginCMS/CMS_2011_I896211.cc,1,0,,
rivet:CMS_2011_I902309,CMS,rivet,fiducial-measurement,Measurement of the inclusive jet cross-section in $pp$ collisions at $\sqrt{s} = 7$ TeV,,VALIDATED,direct,https://gitlab.com/hepcedar/rivet/-/blob/74816bd4cf29a9d71447f8c122887d498d3dea3a/analyses/pluginCMS/CMS_2011_I902309.cc,1,0,,
rivet:CMS_2011_I912560,CMS,rivet,fiducial-measurement,Measurement of ratio of the 3-jet over 2-jet cross section in $pp$ collisions at $\sqrt{s} = 7$ TeV,,VALIDATED,direct,https://gitlab.com/hepcedar/rivet/-/blob/74816bd4cf29a9d71447f8c122887d498d3dea3a/analyses/pluginCMS/CMS_2011_I912560.cc,1,0,,
rivet:CMS_2011_I914325,CMS,rivet,fiducial-measurement,$B_s^0$ production at 7 TeV,,VALIDATED,direct,https://gitlab.com/hepcedar/rivet/-/blob/74816bd4cf29a9d71447f8c122887d498d3dea3a/analyses/pluginCMS/CMS_2011_I914325.cc,1,0,,
rivet:CMS_2011_I916908,CMS,rivet,fiducial-measurement,Traditional leading jet UE measurement at $\sqrt{s} = 0.9$ and 7 TeV,,VALIDATED,direct,https://gitlab.com/hepcedar/rivet/-/blob/74816bd4cf29a9d71447f8c122887d498d3dea3a/analyses/pluginCMS/CMS_2011_I916908.cc,1,0,,
rivet:CMS_2011_I930319,CMS,rivet,fiducial-measurement,Forward energy flow in MB and dijet events at 0.9 and 7 TeV,,VALIDATED,direct,https://gitlab.com/hepcedar/rivet/-/blob/74816bd4cf29a9d71447f8c122887d498d3dea3a/analyses/pluginCMS/CMS_2011_I930319.cc,1,0,,
rivet:CMS_2011_I954992,CMS,rivet,fiducial-measurement,Exclusive photon-photon production of muon pairs in proton-proton collisions at $\sqrt{s} = 7$ TeV,,VALIDATED,direct,https://gitlab.com/hepcedar/rivet/-/blob/74816bd4cf29a9d71447f8c122887d498d3dea3a/analyses/pluginCMS/CMS_2011_I954992.cc,1,0,,
rivet:CMS_2012_I1087342,CMS,rivet,fiducial-measurement,Measurement of forward and forward+central jets at $\sqrt{s} = 7$ TeV,,VALIDATED,direct,https://gitlab.com/hepcedar/rivet/-/blob/74816bd4cf29a9d71447f8c122887d498d3dea3a/analyses/pluginCMS/CMS_2012_I1087342.cc,1,0,,
rivet:CMS_2012_I1089835,CMS,rivet,fiducial-measurement,Inclusive b-jet production in pp collisions at 7 TeV,,VALIDATED,direct,https://gitlab.com/hepcedar/rivet/-/blob/74816bd4cf29a9d71447f8c122887d498d3dea3a/analyses/pluginCMS/CMS_2012_I1089835.cc,1,0,,
rivet:CMS_2012_I1090423,CMS,rivet,fiducial-measurement,Dijet angular distributions in $pp$ collisions at $\sqrt{s} = 7$ TeV,,VALIDATED,direct,https://gitlab.com/hepcedar/rivet/-/blob/74816bd4cf29a9d71447f8c122887d498d3dea3a/analyses/pluginCMS/CMS_2012_I1090423.cc,1,0,,
rivet:CMS_2012_I1102908,CMS,rivet,fiducial-measurement,Measurement of inclusive and exclusive dijet production ratio at large rapidity intervals at center-of-mass energy 7 TeV.,,VALIDATED,direct,https://gitlab.com/hepcedar/rivet/-/blob/74816bd4cf29a9d71447f8c122887d498d3dea3a/analyses/pluginCMS/CMS_2012_I1102908.cc,1,0,,
rivet:CMS_2012_I1107658,CMS,rivet,fiducial-measurement,Measurement of the underlying event activity in the Drell-Yan process at a centre-of-mass energy of 7 TeV,,VALIDATED,direct,https://gitlab.com/hepcedar/rivet/-/blob/74816bd4cf29a9d71447f8c122887d498d3dea3a/analyses/pluginCMS/CMS_2012_I1107658.cc,1,0,,
rivet:CMS_2012_I1111014,CMS,rivet,fiducial-measurement,"Shape, Transverse Size, and Charged Hadron Multiplicity of Jets in pp Collisions at $\sqrt{s}=7$ TeV",,VALIDATED,direct,https://gitlab.com/hepcedar/rivet/-/blob/74816bd4cf29a9d71447f8c122887d498d3dea3a/analyses/pluginCMS/CMS_2012_I1111014.cc,1,0,,
rivet:CMS_2012_I1113442,CMS,rivet,fiducial-measurement,$\Lambda_b$ production at 7 TeV,,VALIDATED,direct,https://gitlab.com/hepcedar/rivet/-/blob/74816bd4cf29a9d71447f8c122887d498d3dea3a/analyses/pluginCMS/CMS_2012_I1113442.cc,1,0,,
rivet:CMS_2012_I1184941,CMS,rivet,fiducial-measurement,Measurement of the differential cross section for inclusive dijet production as a function of $\xi$ in 7 TeV proton-proton collisions.,,VALIDATED,direct,https://gitlab.com/hepcedar/rivet/-/blob/74816bd4cf29a9d71447f8c122887d498d3dea3a/analyses/pluginCMS/CMS_2012_I1184941.cc,1,0,,
rivet:CMS_2012_I1189050,CMS,rivet,fiducial-measurement,Relative rate of  $\chi_{c1}$ to  $\chi_{c2}$  production at 7 TeV,,VALIDATED,direct,https://gitlab.com/hepcedar/rivet/-/blob/74816bd4cf29a9d71447f8c122887d498d3dea3a/analyses/pluginCMS/CMS_2012_I1189050.cc,1,0,,
rivet:CMS_2012_I1193338,CMS,rivet,fiducial-measurement,Measurement of the inelastic proton-proton cross section at $\sqrt{s} = 7$ TeV,,VALIDATED,direct,https://gitlab.com/hepcedar/rivet/-/blob/74816bd4cf29a9d71447f8c122887d498d3dea3a/analyses/pluginCMS/CMS_2012_I1193338.cc,1,0,,
rivet:CMS_2012_I1298807,CMS,rivet,fiducial-measurement,Inclusive ZZ production cross section and constraints on anomalous triple gauge couplings at 8~TeV,,VALIDATED,direct,https://gitlab.com/hepcedar/rivet/-/blob/74816bd4cf29a9d71447f8c122887d498d3dea3a/analyses/pluginCMS/CMS_2012_I1298807.cc,1,0,,
rivet:CMS_2012_I941555,CMS,rivet,fiducial-measurement,Measurement of differential $Z/\gamma^*$ $p_T$ and y,,VALIDATED,direct,https://gitlab.com/hepcedar/rivet/-/blob/74816bd4cf29a9d71447f8c122887d498d3dea3a/analyses/pluginCMS/CMS_2012_I941555.cc,1,0,,
rivet:CMS_2012_I944755,CMS,rivet,fiducial-measurement,J/$\psi$ and $\psi(2S)$ production at 7 TeV,,VALIDATED,direct,https://gitlab.com/hepcedar/rivet/-/blob/74816bd4cf29a9d71447f8c122887d498d3dea3a/analyses/pluginCMS/CMS_2012_I944755.cc,1,0,,
rivet:CMS_2012_PAS_FSQ_12_020,CMS,rivet,fiducial-measurement,Studies of the underlying event at 7 TeV with leading charged particles,,VALIDATED,direct,https://gitlab.com/hepcedar/rivet/-/blob/74816bd4cf29a9d71447f8c122887d498d3dea3a/analyses/pluginCMS/CMS_2012_PAS_FSQ_12_020.cc,1,0,,
rivet:CMS_2012_PAS_QCD_11_010,CMS,rivet,fiducial-measurement,Strange particle production in underlying events in proton--proton collisions at $\sqrt{s} = 7$ TeV,,PRELIMINARY,direct,https://gitlab.com/hepcedar/rivet/-/blob/74816bd4cf29a9d71447f8c122887d498d3dea3a/analyses/pluginCMS/CMS_2012_PAS_QCD_11_010.cc,1,0,,
rivet:CMS_2013_I1122847,CMS,rivet,fiducial-measurement,Forward-backward asymmetry A\_FB in Drell-Yan lepton pairs at sqrt(s) = 7 TeV,,VALIDATED,direct,https://gitlab.com/hepcedar/rivet/-/blob/74816bd4cf29a9d71447f8c122887d498d3dea3a/analyses/pluginCMS/CMS_2013_I1122847.cc,1,0,,duplicate metadata field: NeedCrossSection
rivet:CMS_2013_I1185414,CMS,rivet,fiducial-measurement,"Polarization of $\Upsilon(1,2,3)$ at 7 TeV",,VALIDATED,direct,https://gitlab.com/hepcedar/rivet/-/blob/74816bd4cf29a9d71447f8c122887d498d3dea3a/analyses/pluginCMS/CMS_2013_I1185414.cc,1,0,,
rivet:CMS_2013_I1208923,CMS,rivet,fiducial-measurement,Jet-pT and dijet mass at sqrt(s) = 7 TeV,,VALIDATED,direct,https://gitlab.com/hepcedar/rivet/-/blob/74816bd4cf29a9d71447f8c122887d498d3dea3a/analyses/pluginCMS/CMS_2013_I1208923.cc,1,0,,
rivet:CMS_2013_I1209721,CMS,rivet,fiducial-measurement,Azimuthal correlations and event shapes in $Z$ + jets in $pp$ collisions at 7 TeV,,VALIDATED,direct,https://gitlab.com/hepcedar/rivet/-/blob/74816bd4cf29a9d71447f8c122887d498d3dea3a/analyses/pluginCMS/CMS_2013_I1209721.cc,1,0,,
rivet:CMS_2013_I1218372,CMS,rivet,fiducial-measurement,Study of the underlying event at forward rapidity in proton--proton collisions at the LHC,,VALIDATED,direct,https://gitlab.com/hepcedar/rivet/-/blob/74816bd4cf29a9d71447f8c122887d498d3dea3a/analyses/pluginCMS/CMS_2013_I1218372.cc,1,0,,
rivet:CMS_2013_I1223519,CMS,rivet,search-recast,Searches for SUSY using $\alpha_T$ and $b$-quark multiplicity at 8~\TeV,,UNVALIDATED,direct,https://gitlab.com/hepcedar/rivet/-/blob/74816bd4cf29a9d71447f8c122887d498d3dea3a/analyses/pluginCMS/CMS_2013_I1223519.cc,0,0,smearing,
rivet:CMS_2013_I1224539,CMS,rivet,fiducial-measurement,"CMS jet mass measurement in $W, Z$ and dijet events",,VALIDATED,direct,https://gitlab.com/hepcedar/rivet/-/blob/74816bd4cf29a9d71447f8c122887d498d3dea3a/analyses/pluginCMS/CMS_2013_I1224539.cc,1,0,large-r-jets,
rivet:CMS_2013_I1225274,CMS,rivet,fiducial-measurement,"Measurements of the $\Upsilon(1S)$, $\Upsilon(2S)$, and $\Upsilon(3S)$ differential cross sections in pp collisions at $\sqrt{s}=7$ TeV",,VALIDATED,direct,https://gitlab.com/hepcedar/rivet/-/blob/74816bd4cf29a9d71447f8c122887d498d3dea3a/analyses/pluginCMS/CMS_2013_I1225274.cc,1,0,,
rivet:CMS_2013_I1244128,CMS,rivet,fiducial-measurement,Polarization of Prompt J$/\psi$ and $\psi(2S)$ at 7 TeV,,VALIDATED,direct,https://gitlab.com/hepcedar/rivet/-/blob/74816bd4cf29a9d71447f8c122887d498d3dea3a/analyses/pluginCMS/CMS_2013_I1244128.cc,1,0,,
rivet:CMS_2013_I1256943,CMS,rivet,fiducial-measurement,Cross-section and angular correlations in $Z$ boson with $b$-hadrons events at $\sqrt{s} = 7$ TeV,,VALIDATED,direct,https://gitlab.com/hepcedar/rivet/-/blob/74816bd4cf29a9d71447f8c122887d498d3dea3a/analyses/pluginCMS/CMS_2013_I1256943.cc,1,0,,
rivet:CMS_2013_I1258128,CMS,rivet,fiducial-measurement,Rapidity distributions in exclusive $Z$ + jet and $\gamma$ + jet events in $pp$ collisions at $\sqrt{s} = 7$ TeV,,VALIDATED,direct,https://gitlab.com/hepcedar/rivet/-/blob/74816bd4cf29a9d71447f8c122887d498d3dea3a/analyses/pluginCMS/CMS_2013_I1258128.cc,1,0,,
rivet:CMS_2013_I1261026,CMS,rivet,fiducial-measurement,Jet and underlying event properties as a function of particle multiplicity,,VALIDATED,direct,https://gitlab.com/hepcedar/rivet/-/blob/74816bd4cf29a9d71447f8c122887d498d3dea3a/analyses/pluginCMS/CMS_2013_I1261026.cc,1,0,,
rivet:CMS_2013_I1265659,CMS,rivet,fiducial-measurement,Probing color coherence effects in $pp$ collisions at $\sqrt{s} = 7$ TeV,,VALIDATED,direct,https://gitlab.com/hepcedar/rivet/-/blob/74816bd4cf29a9d71447f8c122887d498d3dea3a/analyses/pluginCMS/CMS_2013_I1265659.cc,1,0,,
rivet:CMS_2013_I1272853,CMS,rivet,fiducial-measurement,Study of observables sensitive to double parton scattering in $W + 2$ jets process in $pp$ collisions at $\sqrt{s} = 7$~TeV,,VALIDATED,direct,https://gitlab.com/hepcedar/rivet/-/blob/74816bd4cf29a9d71447f8c122887d498d3dea3a/analyses/pluginCMS/CMS_2013_I1272853.cc,1,0,,
rivet:CMS_2013_I1273574,CMS,rivet,fiducial-measurement,Studies of 4-jet production in proton-proton collisions at $\sqrt{s} = 7$ TeV,,VALIDATED,direct,https://gitlab.com/hepcedar/rivet/-/blob/74816bd4cf29a9d71447f8c122887d498d3dea3a/analyses/pluginCMS/CMS_2013_I1273574.cc,1,0,,
rivet:CMS_2014_I1266056,CMS,rivet,fiducial-measurement,Photon + jets triple differential cross-section,,UNVALIDATED,direct,https://gitlab.com/hepcedar/rivet/-/blob/74816bd4cf29a9d71447f8c122887d498d3dea3a/analyses/pluginCMS/CMS_2014_I1266056.cc,1,0,,
rivet:CMS_2014_I1298810,CMS,rivet,fiducial-measurement,"Ratios of jet pT spectra, which relate to the ratios of inclusive, differential jet cross sections",,VALIDATED,direct,https://gitlab.com/hepcedar/rivet/-/blob/74816bd4cf29a9d71447f8c122887d498d3dea3a/analyses/pluginCMS/CMS_2014_I1298810.cc,1,0,,
rivet:CMS_2014_I1303894,CMS,rivet,fiducial-measurement,Differential cross-section of $W$ bosons + jets in $pp$ collisions at $\sqrt{s}=7$ TeV,,VALIDATED,direct,https://gitlab.com/hepcedar/rivet/-/blob/74816bd4cf29a9d71447f8c122887d498d3dea3a/analyses/pluginCMS/CMS_2014_I1303894.cc,1,0,,
rivet:CMS_2014_I1305624,CMS,rivet,fiducial-measurement,Study of hadronic event-shape variables in multijet final states in $pp$ collisions at $\sqrt{s} = 7$ TeV,,VALIDATED,direct,https://gitlab.com/hepcedar/rivet/-/blob/74816bd4cf29a9d71447f8c122887d498d3dea3a/analyses/pluginCMS/CMS_2014_I1305624.cc,1,0,,
rivet:CMS_2014_I1322726,CMS,rivet,heavy-ion,Z production in PbPb and pp collisions at 2.76 TeV in the dimuon and dielectron decay channels,,VALIDATED,direct,https://gitlab.com/hepcedar/rivet/-/blob/74816bd4cf29a9d71447f8c122887d498d3dea3a/analyses/pluginCMS/CMS_2014_I1322726.cc,1,0,heavy-ion-domain,
rivet:CMS_2015_I1310737,CMS,rivet,fiducial-measurement,Jet multiplicity and differential cross-sections of $Z$+jets events in $pp$ at $\sqrt{s} = 7$ TeV,,VALIDATED,direct,https://gitlab.com/hepcedar/rivet/-/blob/74816bd4cf29a9d71447f8c122887d498d3dea3a/analyses/pluginCMS/CMS_2015_I1310737.cc,1,0,,
rivet:CMS_2015_I1327224,CMS,rivet,search-recast,Search for contact interactions \& extra dimensions using dijet angular distributions in proton-proton collisions at $\sqrt{s} = 8$ TeV,,VALIDATED,direct,https://gitlab.com/hepcedar/rivet/-/blob/74816bd4cf29a9d71447f8c122887d498d3dea3a/analyses/pluginCMS/CMS_2015_I1327224.cc,1,0,,
rivet:CMS_2015_I1342266,CMS,rivet,fiducial-measurement,"Measurements of the $\Upsilon(1S)$, $\Upsilon(2S)$, and $\Upsilon(3S)$ differential cross sections in pp collisions at $\sqrt{s}=7$ TeV",,VALIDATED,direct,https://gitlab.com/hepcedar/rivet/-/blob/74816bd4cf29a9d71447f8c122887d498d3dea3a/analyses/pluginCMS/CMS_2015_I1342266.cc,1,0,,
rivet:CMS_2015_I1345023,CMS,rivet,fiducial-measurement,Prompt J/$\psi$ and $\psi(2S)$ production at 7 TeV,,VALIDATED,direct,https://gitlab.com/hepcedar/rivet/-/blob/74816bd4cf29a9d71447f8c122887d498d3dea3a/analyses/pluginCMS/CMS_2015_I1345023.cc,1,0,,
rivet:CMS_2015_I1346843,CMS,rivet,fiducial-measurement,Measurement of differential cross-section of FSR photons in $Z$ decays,,VALIDATED,direct,https://gitlab.com/hepcedar/rivet/-/blob/74816bd4cf29a9d71447f8c122887d498d3dea3a/analyses/pluginCMS/CMS_2015_I1346843.cc,1,0,,
rivet:CMS_2015_I1356998,CMS,rivet,forward,Measurement of diffraction dissociation cross sections in pp collisions at sqrt(s)=7 TeV,,VALIDATED,direct,https://gitlab.com/hepcedar/rivet/-/blob/74816bd4cf29a9d71447f8c122887d498d3dea3a/analyses/pluginCMS/CMS_2015_I1356998.cc,1,0,forward-domain,
rivet:CMS_2015_I1370682,CMS,rivet,fiducial-measurement,Differential top quark pair production cross-sections in $pp$ collisions at $\sqrt{s} = 8$ TeV,,VALIDATED,direct,https://gitlab.com/hepcedar/rivet/-/blob/74816bd4cf29a9d71447f8c122887d498d3dea3a/analyses/pluginCMS/CMS_2015_I1370682.cc,1,0,,
rivet:CMS_2015_I1370682_PARTON,CMS,rivet,fiducial-measurement,"Parton-level differential top-quark pair production cross-sections in $pp$ collisions at $\sqrt{s} = 8\,\TeV$",,VALIDATED,direct,https://gitlab.com/hepcedar/rivet/-/blob/74816bd4cf29a9d71447f8c122887d498d3dea3a/analyses/pluginCMS/CMS_2015_I1370682_PARTON.cc,1,0,,
rivet:CMS_2015_I1380605,CMS,rivet,fiducial-measurement,Per-event yield of the highest transverse momentum charged particle and charged-particle jet,,VALIDATED,direct,https://gitlab.com/hepcedar/rivet/-/blob/74816bd4cf29a9d71447f8c122887d498d3dea3a/analyses/pluginCMS/CMS_2015_I1380605.cc,1,0,,
rivet:CMS_2015_I1384119,CMS,rivet,fiducial-measurement,Pseudorapidity distribution of charged hadrons in proton--proton collisions at $\sqrt{s} = 13$ TeV,,VALIDATED,direct,https://gitlab.com/hepcedar/rivet/-/blob/74816bd4cf29a9d71447f8c122887d498d3dea3a/analyses/pluginCMS/CMS_2015_I1384119.cc,1,0,,
rivet:CMS_2015_I1385107,CMS,rivet,fiducial-measurement,Underlying event measurement with leading jets at $\sqrt{s} = 2.76$~\TeV,,VALIDATED,direct,https://gitlab.com/hepcedar/rivet/-/blob/74816bd4cf29a9d71447f8c122887d498d3dea3a/analyses/pluginCMS/CMS_2015_I1385107.cc,1,0,,
rivet:CMS_2015_I1397174,CMS,rivet,fiducial-measurement,"Measurement of ttbar production with additional jet activity, including b quark jets, in the dilepton decay channel using pp collisions at sqrt(s)=8 TeV",,VALIDATED,direct,https://gitlab.com/hepcedar/rivet/-/blob/74816bd4cf29a9d71447f8c122887d498d3dea3a/analyses/pluginCMS/CMS_2015_I1397174.cc,1,0,,
rivet:CMS_2015_PAS_FSQ_15_007,CMS,rivet,fiducial-measurement,Underlying Event Measurements with Leading Particles and Jets in pp collisions at 13 TeV,,VALIDATED,direct,https://gitlab.com/hepcedar/rivet/-/blob/74816bd4cf29a9d71447f8c122887d498d3dea3a/analyses/pluginCMS/CMS_2015_PAS_FSQ_15_007.cc,1,0,,
rivet:CMS_2016_I1413748,CMS,rivet,fiducial-measurement,Measurements of ttbar spin correlations and top quark polarization using dilepton final states in pp collisions at sqrt(s) = 8 TeV,,VALIDATED,direct,https://gitlab.com/hepcedar/rivet/-/blob/74816bd4cf29a9d71447f8c122887d498d3dea3a/analyses/pluginCMS/CMS_2016_I1413748.cc,1,0,,
rivet:CMS_2016_I1421646,CMS,rivet,fiducial-measurement,Dijet azimuthal decorrelations in $pp$ collisions at $\sqrt{s} = 8$ TeV,,VALIDATED,direct,https://gitlab.com/hepcedar/rivet/-/blob/74816bd4cf29a9d71447f8c122887d498d3dea3a/analyses/pluginCMS/CMS_2016_I1421646.cc,1,0,,
rivet:CMS_2016_I1430892,CMS,rivet,fiducial-measurement,Measurements of ttbar charge asymmetry using dilepton final states in pp collisions at sqrt(s) = 8 TeV,,VALIDATED,direct,https://gitlab.com/hepcedar/rivet/-/blob/74816bd4cf29a9d71447f8c122887d498d3dea3a/analyses/pluginCMS/CMS_2016_I1430892.cc,1,0,,
rivet:CMS_2016_I1454211,CMS,rivet,fiducial-measurement,Boosted $t\bar{t}$ in $pp$ collisions at $\sqrt{s} = 8~\TeV$,,VALIDATED,direct,https://gitlab.com/hepcedar/rivet/-/blob/74816bd4cf29a9d71447f8c122887d498d3dea3a/analyses/pluginCMS/CMS_2016_I1454211.cc,1,0,,
rivet:CMS_2016_I1459051,CMS,rivet,fiducial-measurement,Measurement of the inclusive jet cross-section in $pp$ collisions at $\sqrt{s} = 13~\TeV$,,VALIDATED,direct,https://gitlab.com/hepcedar/rivet/-/blob/74816bd4cf29a9d71447f8c122887d498d3dea3a/analyses/pluginCMS/CMS_2016_I1459051.cc,1,0,,
rivet:CMS_2016_I1471281,CMS,rivet,fiducial-measurement,Measurement of the transverse momentum spectra of weak vector bosons produced in proton-proton collisions at $\sqrt{s} = 8$ TeV,,VALIDATED,direct,https://gitlab.com/hepcedar/rivet/-/blob/74816bd4cf29a9d71447f8c122887d498d3dea3a/analyses/pluginCMS/CMS_2016_I1471281.cc,1,0,,
rivet:CMS_2016_I1473674,CMS,rivet,fiducial-measurement,Measurement of the differential cross sections for top quark pair production as a function of kinematic event variables at sqrt(s) = 8 TeV,,VALIDATED,direct,https://gitlab.com/hepcedar/rivet/-/blob/74816bd4cf29a9d71447f8c122887d498d3dea3a/analyses/pluginCMS/CMS_2016_I1473674.cc,1,0,,
rivet:CMS_2016_I1486238,CMS,rivet,fiducial-measurement,Studies of 2 $b$-jet + 2 jet production in proton-proton collisions at 7 TeV,,VALIDATED,direct,https://gitlab.com/hepcedar/rivet/-/blob/74816bd4cf29a9d71447f8c122887d498d3dea3a/analyses/pluginCMS/CMS_2016_I1486238.cc,1,0,,
rivet:CMS_2016_I1487277,CMS,rivet,fiducial-measurement,"Measurement and QCD analysis of double-differential inclusive jet cross sections in $pp$ collisions at $\sqrt{s} = 8$\,TeV  and cross-section ratios to 2.76 and 7 TeV",,VALIDATED,direct,https://gitlab.com/hepcedar/rivet/-/blob/74816bd4cf29a9d71447f8c122887d498d3dea3a/analyses/pluginCMS/CMS_2016_I1487277.cc,1,0,,
rivet:CMS_2016_I1487288,CMS,rivet,fiducial-measurement,$WZ$ production cross-section in $pp$ collisions at 8~TeV,,VALIDATED,direct,https://gitlab.com/hepcedar/rivet/-/blob/74816bd4cf29a9d71447f8c122887d498d3dea3a/analyses/pluginCMS/CMS_2016_I1487288.cc,1,0,,
rivet:CMS_2016_I1491950,CMS,rivet,fiducial-measurement,Differential cross sections for top quark pair production using the lepton+jets final state in proton proton collisions at 13 TeV,,VALIDATED,direct,https://gitlab.com/hepcedar/rivet/-/blob/74816bd4cf29a9d71447f8c122887d498d3dea3a/analyses/pluginCMS/CMS_2016_I1491950.cc,1,0,,
rivet:CMS_2016_I1491953,CMS,rivet,fiducial-measurement,Differential cross sections for associated production of a W boson and jets at 8 TeV,,VALIDATED,direct,https://gitlab.com/hepcedar/rivet/-/blob/74816bd4cf29a9d71447f8c122887d498d3dea3a/analyses/pluginCMS/CMS_2016_I1491953.cc,1,0,,
rivet:CMS_2016_PAS_SUS_16_014,CMS,rivet,search-recast,Search for supersymmetry in events with jets and missing transverse momentum at 13~\TeV,,VALIDATED,direct,https://gitlab.com/hepcedar/rivet/-/blob/74816bd4cf29a9d71447f8c122887d498d3dea3a/analyses/pluginCMS/CMS_2016_PAS_SUS_16_014.cc,0,0,smearing,
rivet:CMS_2016_PAS_TOP_15_006,CMS,rivet,fiducial-measurement,Jet multiplicity in the top-quark pair lepton+jets final state at $\sqrt{s} = 8~\TeV$,,VALIDATED,direct,https://gitlab.com/hepcedar/rivet/-/blob/74816bd4cf29a9d71447f8c122887d498d3dea3a/analyses/pluginCMS/CMS_2016_PAS_TOP_15_006.cc,1,0,,
rivet:CMS_2017_I1467451,CMS,rivet,fiducial-measurement,Measurement of the transverse momentum spectrum of the Higgs boson produced in $pp$collisions at $\sqrt{s} = 8$ TeV using H to WW decays,,VALIDATED,direct,https://gitlab.com/hepcedar/rivet/-/blob/74816bd4cf29a9d71447f8c122887d498d3dea3a/analyses/pluginCMS/CMS_2017_I1467451.cc,1,0,,
rivet:CMS_2017_I1471287,CMS,rivet,fiducial-measurement,Two- and multi-particle angular correlations in pp collisions at $\sqrt{s} = 13$ TeV.,,UNVALIDATED,direct,https://gitlab.com/hepcedar/rivet/-/blob/74816bd4cf29a9d71447f8c122887d498d3dea3a/analyses/pluginCMS/CMS_2017_I1471287.cc,1,0,,
rivet:CMS_2017_I1485195,CMS,rivet,fiducial-measurement,$B^+$ meson production at 13 TeV,,VALIDATED,direct,https://gitlab.com/hepcedar/rivet/-/blob/74816bd4cf29a9d71447f8c122887d498d3dea3a/analyses/pluginCMS/CMS_2017_I1485195.cc,1,0,,
rivet:CMS_2017_I1497519,CMS,rivet,fiducial-measurement,Measurements of differential production cross sections for a Z boson in association with jets in pp collisions at 8 TeV,,VALIDATED,direct,https://gitlab.com/hepcedar/rivet/-/blob/74816bd4cf29a9d71447f8c122887d498d3dea3a/analyses/pluginCMS/CMS_2017_I1497519.cc,1,0,,
rivet:CMS_2017_I1499471,CMS,rivet,fiducial-measurement,Measurements of the associated production of a Z boson and b jets in pp collisions at $\sqrt{s} = 8$ TeV,,VALIDATED,direct,https://gitlab.com/hepcedar/rivet/-/blob/74816bd4cf29a9d71447f8c122887d498d3dea3a/analyses/pluginCMS/CMS_2017_I1499471.cc,1,0,,
rivet:CMS_2017_I1511284,CMS,rivet,fiducial-measurement,Measurement of the inclusive energy spectrum in the very forward direction in proton-proton collisions at 13 TeV,,VALIDATED,direct,https://gitlab.com/hepcedar/rivet/-/blob/74816bd4cf29a9d71447f8c122887d498d3dea3a/analyses/pluginCMS/CMS_2017_I1511284.cc,1,0,,
rivet:CMS_2017_I1512296,CMS,rivet,fiducial-measurement,Prompt and non-prompt J$/\psi$ production at 5.02 TeV,,VALIDATED,direct,https://gitlab.com/hepcedar/rivet/-/blob/74816bd4cf29a9d71447f8c122887d498d3dea3a/analyses/pluginCMS/CMS_2017_I1512296.cc,1,0,,
rivet:CMS_2017_I1518399,CMS,rivet,fiducial-measurement,Differential $t\bar{t}$ production cross-section as a function of the leading jet mass for boosted top quarks at 8 TeV,,VALIDATED,direct,https://gitlab.com/hepcedar/rivet/-/blob/74816bd4cf29a9d71447f8c122887d498d3dea3a/analyses/pluginCMS/CMS_2017_I1518399.cc,1,0,,
rivet:CMS_2017_I1519995,CMS,rivet,search-recast,Search for new physics with dijet angular distributions in proton-proton collisions at $\sqrt{s} = 13 \TeV$,,VALIDATED,direct,https://gitlab.com/hepcedar/rivet/-/blob/74816bd4cf29a9d71447f8c122887d498d3dea3a/analyses/pluginCMS/CMS_2017_I1519995.cc,1,0,,
rivet:CMS_2017_I1594909,CMS,rivet,search-recast,Search for SUSY in multijet events with missing transverse momentum in $pp$ collisions at 13 TeV,,VALIDATED,direct,https://gitlab.com/hepcedar/rivet/-/blob/74816bd4cf29a9d71447f8c122887d498d3dea3a/analyses/pluginCMS/CMS_2017_I1594909.cc,0,0,smearing,
rivet:CMS_2017_I1598460,CMS,rivet,fiducial-measurement,Triple-differential dijet pT cross section and PDF constraints at 8 TeV,,VALIDATED,direct,https://gitlab.com/hepcedar/rivet/-/blob/74816bd4cf29a9d71447f8c122887d498d3dea3a/analyses/pluginCMS/CMS_2017_I1598460.cc,1,0,,
rivet:CMS_2017_I1605749,CMS,rivet,fiducial-measurement,Measurements of jet charge with dijet events in pp collisions at $\sqrt{s}=8$ TeV,,VALIDATED,direct,https://gitlab.com/hepcedar/rivet/-/blob/74816bd4cf29a9d71447f8c122887d498d3dea3a/analyses/pluginCMS/CMS_2017_I1605749.cc,1,0,,
rivet:CMS_2017_I1608166,CMS,rivet,fiducial-measurement,"Measurement of charged pion, kaon, and proton production in proton-proton collisions at 13 TeV",,VALIDATED,direct,https://gitlab.com/hepcedar/rivet/-/blob/74816bd4cf29a9d71447f8c122887d498d3dea3a/analyses/pluginCMS/CMS_2017_I1608166.cc,1,0,,
rivet:CMS_2017_I1610623,CMS,rivet,fiducial-measurement,Differential cross-sections for W boson and jets in proton-proton collisions at 13 TeV,,VALIDATED,direct,https://gitlab.com/hepcedar/rivet/-/blob/74816bd4cf29a9d71447f8c122887d498d3dea3a/analyses/pluginCMS/CMS_2017_I1610623.cc,1,0,,
rivet:CMS_2017_I1631985,CMS,rivet,fiducial-measurement,Measurement of differential cross sections in the kinematic angular variable $\phi$* for inclusive Z boson production in pp collisions at 8 TeV,,VALIDATED,direct,https://gitlab.com/hepcedar/rivet/-/blob/74816bd4cf29a9d71447f8c122887d498d3dea3a/analyses/pluginCMS/CMS_2017_I1631985.cc,1,0,,
rivet:CMS_2017_I1634835,CMS,rivet,flavour,Measurement of associated Z + charm production in proton-proton collisions at sqrts = 8 TeV,,VALIDATED,direct,https://gitlab.com/hepcedar/rivet/-/blob/74816bd4cf29a9d71447f8c122887d498d3dea3a/analyses/pluginCMS/CMS_2017_I1634835.cc,1,0,flavour-domain,
rivet:CMS_2017_I1635889,CMS,rivet,fiducial-measurement,Measurement of the underlying event using inclusive Z-boson production in proton-proton collisions at $\sqrt{s} = 13$ TeV,,VALIDATED,direct,https://gitlab.com/hepcedar/rivet/-/blob/74816bd4cf29a9d71447f8c122887d498d3dea3a/analyses/pluginCMS/CMS_2017_I1635889.cc,1,0,,
rivet:CMS_2018_I1620050,CMS,rivet,fiducial-measurement,Measurement of normalized differential ttbar cross sections in the dilepton channel from pp collisions at 13 TeV,,VALIDATED,direct,https://gitlab.com/hepcedar/rivet/-/blob/74816bd4cf29a9d71447f8c122887d498d3dea3a/analyses/pluginCMS/CMS_2018_I1620050.cc,1,0,,
rivet:CMS_2018_I1633431,CMS,rivet,flavour,Quarkonium production at 13 TeV,,VALIDATED,direct,https://gitlab.com/hepcedar/rivet/-/blob/74816bd4cf29a9d71447f8c122887d498d3dea3a/analyses/pluginCMS/CMS_2018_I1633431.cc,1,0,flavour-domain,
rivet:CMS_2018_I1643640,CMS,rivet,fiducial-measurement,"Azimuthal correlations for inclusive 2-jet, 3-jet, and 4-jet events in pp collisions at $\sqrt{s}$ = 13 TeV",,VALIDATED,direct,https://gitlab.com/hepcedar/rivet/-/blob/74816bd4cf29a9d71447f8c122887d498d3dea3a/analyses/pluginCMS/CMS_2018_I1643640.cc,1,0,,
rivet:CMS_2018_I1646260,CMS,rivet,search-recast,Search for BSM with 2 soft leptons + MET at 13 TeV,,VALIDATED NOHEPDATA,direct,https://gitlab.com/hepcedar/rivet/-/blob/74816bd4cf29a9d71447f8c122887d498d3dea3a/analyses/pluginCMS/CMS_2018_I1646260.cc,1,0,smearing; tau-objects,Experiment metadata 'ATLAS' conflicts with routine namespace 'CMS'; namespace used for grouping
rivet:CMS_2018_I1653948,CMS,rivet,fiducial-measurement,Measurement of the inelastic proton-proton cross section at 13 TeV,,VALIDATED,direct,https://gitlab.com/hepcedar/rivet/-/blob/74816bd4cf29a9d71447f8c122887d498d3dea3a/analyses/pluginCMS/CMS_2018_I1653948.cc,1,0,,
rivet:CMS_2018_I1662081,CMS,rivet,fiducial-measurement,Measurement of the differential cross sections of top quark pair production as a function of kinematic event variables in pp collisions at sqrt(s) = 13 TeV,,VALIDATED,direct,https://gitlab.com/hepcedar/rivet/-/blob/74816bd4cf29a9d71447f8c122887d498d3dea3a/analyses/pluginCMS/CMS_2018_I1662081.cc,1,0,,
rivet:CMS_2018_I1663452,CMS,rivet,search-recast,Search for new physics in dijet angular distributions using proton-proton collisions at sqrt(s) = 13 TeV and constraints on dark matter and other models,,VALIDATED,direct,https://gitlab.com/hepcedar/rivet/-/blob/74816bd4cf29a9d71447f8c122887d498d3dea3a/analyses/pluginCMS/CMS_2018_I1663452.cc,1,0,,
rivet:CMS_2018_I1663958,CMS,rivet,fiducial-measurement,ttbar lepton+jets 13 TeV,,VALIDATED,direct,https://gitlab.com/hepcedar/rivet/-/blob/74816bd4cf29a9d71447f8c122887d498d3dea3a/analyses/pluginCMS/CMS_2018_I1663958.cc,1,0,,
rivet:CMS_2018_I1667854,CMS,rivet,fiducial-measurement,"Differential cross section of Z boson production in association with jets in proton-proton collisions at $\sqrt{s} = 13\,$TeV",,VALIDATED,direct,https://gitlab.com/hepcedar/rivet/-/blob/74816bd4cf29a9d71447f8c122887d498d3dea3a/analyses/pluginCMS/CMS_2018_I1667854.cc,1,0,,
rivet:CMS_2018_I1680318,CMS,rivet,fiducial-measurement,Charged particle distributions in different final states at 13~TeV,,VALIDATED,direct,https://gitlab.com/hepcedar/rivet/-/blob/74816bd4cf29a9d71447f8c122887d498d3dea3a/analyses/pluginCMS/CMS_2018_I1680318.cc,1,0,,
rivet:CMS_2018_I1681435,CMS,rivet,fiducial-measurement,Study of the underlying event in top quark pair production in pp collisions at 13 TeV,,VALIDATED,direct,https://gitlab.com/hepcedar/rivet/-/blob/74816bd4cf29a9d71447f8c122887d498d3dea3a/analyses/pluginCMS/CMS_2018_I1681435.cc,1,0,,
rivet:CMS_2018_I1682495,CMS,rivet,fiducial-measurement,Jet mass in dijet events in $pp$ collisions at 13~TeV,,VALIDATED,direct,https://gitlab.com/hepcedar/rivet/-/blob/74816bd4cf29a9d71447f8c122887d498d3dea3a/analyses/pluginCMS/CMS_2018_I1682495.cc,1,0,fastjet-contrib; large-r-jets,
rivet:CMS_2018_I1686000,CMS,rivet,fiducial-measurement,Fiducial single-top + photon cross-section measurement at 13 TeV,,VALIDATED,direct,https://gitlab.com/hepcedar/rivet/-/blob/74816bd4cf29a9d71447f8c122887d498d3dea3a/analyses/pluginCMS/CMS_2018_I1686000.cc,1,0,,
rivet:CMS_2018_I1690148,CMS,rivet,fiducial-measurement,Measurement of jet substructure observables in $t\bar{t}$ events from $pp$ collisions at 13~TeV,,VALIDATED,direct,https://gitlab.com/hepcedar/rivet/-/blob/74816bd4cf29a9d71447f8c122887d498d3dea3a/analyses/pluginCMS/CMS_2018_I1690148.cc,1,0,fastjet-contrib,
rivet:CMS_2018_I1703993,CMS,rivet,fiducial-measurement,Measurements of ttbar differential cross sections in proton-proton collisions at 13 TeV using events containing two leptons,,VALIDATED,direct,https://gitlab.com/hepcedar/rivet/-/blob/74816bd4cf29a9d71447f8c122887d498d3dea3a/analyses/pluginCMS/CMS_2018_I1703993.cc,1,0,,
rivet:CMS_2018_I1708620,CMS,rivet,fiducial-measurement,Energy density vs pseudorapidity in proton-proton collisions at $\sqrt{s} = 13$ TeV,,VALIDATED,direct,https://gitlab.com/hepcedar/rivet/-/blob/74816bd4cf29a9d71447f8c122887d498d3dea3a/analyses/pluginCMS/CMS_2018_I1708620.cc,1,0,,
rivet:CMS_2018_I1711625,CMS,rivet,fiducial-measurement,"Measurement of the differential Drell-Yan cross section in proton-proton collisions at $\sqrt{s} = 13\,TeV$",,VALIDATED,direct,https://gitlab.com/hepcedar/rivet/-/blob/74816bd4cf29a9d71447f8c122887d498d3dea3a/analyses/pluginCMS/CMS_2018_I1711625.cc,1,0,,
rivet:CMS_2019_I1672011,CMS,rivet,fiducial-measurement,Prompt $\psi(2S)$ production at 5.02 TeV,,VALIDATED,direct,https://gitlab.com/hepcedar/rivet/-/blob/74816bd4cf29a9d71447f8c122887d498d3dea3a/analyses/pluginCMS/CMS_2019_I1672011.cc,1,0,,
rivet:CMS_2019_I1697571,CMS,rivet,fiducial-measurement,$B_s^0$ production at 5.02 TeV,,VALIDATED,direct,https://gitlab.com/hepcedar/rivet/-/blob/74816bd4cf29a9d71447f8c122887d498d3dea3a/analyses/pluginCMS/CMS_2019_I1697571.cc,1,0,,
rivet:CMS_2019_I1705068,CMS,rivet,flavour,Measurement of associated production of a W boson and a charm quark in proton-proton collisions at 13 TeV,,VALIDATED,direct,https://gitlab.com/hepcedar/rivet/-/blob/74816bd4cf29a9d71447f8c122887d498d3dea3a/analyses/pluginCMS/CMS_2019_I1705068.cc,1,0,flavour-domain,
rivet:CMS_2019_I1719955,CMS,rivet,fiducial-measurement,Azimuthal separation in nearly back-to-back jet topologies in inclusive 2- and 3-jet events in pp collisions at $\sqrt{s} = 13$ TeV,,VALIDATED,direct,https://gitlab.com/hepcedar/rivet/-/blob/74816bd4cf29a9d71447f8c122887d498d3dea3a/analyses/pluginCMS/CMS_2019_I1719955.cc,1,0,,
rivet:CMS_2019_I1744604,CMS,rivet,fiducial-measurement,$t$-channel single top-quark differential cross sections and charge ratios at 13 TeV,,VALIDATED,direct,https://gitlab.com/hepcedar/rivet/-/blob/74816bd4cf29a9d71447f8c122887d498d3dea3a/analyses/pluginCMS/CMS_2019_I1744604.cc,1,0,,duplicate metadata field: Reentrant
rivet:CMS_2019_I1753680,CMS,rivet,fiducial-measurement,Measurements of differential Z boson production cross sections in proton-proton collisions at 13 TeV,,VALIDATED,direct,https://gitlab.com/hepcedar/rivet/-/blob/74816bd4cf29a9d71447f8c122887d498d3dea3a/analyses/pluginCMS/CMS_2019_I1753680.cc,1,0,,
rivet:CMS_2019_I1753720,CMS,rivet,fiducial-measurement,Measurement of the ttbb production cross section in the all-jet final state in proton-proton collisions at centre-of-mass energy of 13 TeV with 35.9 fb^-1 of data collected in 2016.,,VALIDATED,direct,https://gitlab.com/hepcedar/rivet/-/blob/74816bd4cf29a9d71447f8c122887d498d3dea3a/analyses/pluginCMS/CMS_2019_I1753720.cc,1,0,,
rivet:CMS_2019_I1764472,CMS,rivet,fiducial-measurement,Measurement of the differential ttbar production cross section as a function of the jet mass and top quark mass in boosted hadronic top quark decays.,,VALIDATED,direct,https://gitlab.com/hepcedar/rivet/-/blob/74816bd4cf29a9d71447f8c122887d498d3dea3a/analyses/pluginCMS/CMS_2019_I1764472.cc,1,0,fastjet-contrib,
rivet:CMS_2020_I1738943,CMS,rivet,fiducial-measurement,Inclusive $\Lambda_c^+$ production at 5.02 TeV,,VALIDATED,direct,https://gitlab.com/hepcedar/rivet/-/blob/74816bd4cf29a9d71447f8c122887d498d3dea3a/analyses/pluginCMS/CMS_2020_I1738943.cc,1,0,,
rivet:CMS_2020_I1776758,CMS,rivet,flavour,Ratios of cross sections in the associated production of a Z boson with at least one charm or bottom quark jet are measured in proton-proton collisions at $\sqrt{s}=13$ TeV,,VALIDATED,direct,https://gitlab.com/hepcedar/rivet/-/blob/74816bd4cf29a9d71447f8c122887d498d3dea3a/analyses/pluginCMS/CMS_2020_I1776758.cc,1,0,flavour-domain,
rivet:CMS_2020_I1794169,CMS,rivet,fiducial-measurement,Measurements of production cross sections of WZ and same-sign WW boson pairs in association with two jets in proton-proton collisions at $\sqrt{s} =$ 13 TeV,,VALIDATED,direct,https://gitlab.com/hepcedar/rivet/-/blob/74816bd4cf29a9d71447f8c122887d498d3dea3a/analyses/pluginCMS/CMS_2020_I1794169.cc,1,0,,
rivet:CMS_2020_I1814328,CMS,rivet,fiducial-measurement,W$^+$W$^-$ boson pair production in proton-proton collisions at $\sqrt{s} =$ 13 TeV,,VALIDATED,direct,https://gitlab.com/hepcedar/rivet/-/blob/74816bd4cf29a9d71447f8c122887d498d3dea3a/analyses/pluginCMS/CMS_2020_I1814328.cc,1,0,,
rivet:CMS_2020_I1837084,CMS,rivet,fiducial-measurement,Measurement of the Z boson differential production cross section using its invisible decay mode in proton-proton collisions at 13 TeV,,VALIDATED,direct,https://gitlab.com/hepcedar/rivet/-/blob/74816bd4cf29a9d71447f8c122887d498d3dea3a/analyses/pluginCMS/CMS_2020_I1837084.cc,1,0,,
rivet:CMS_2021_I1847230,CMS,rivet,fiducial-measurement,Measurements of angular distance and momentum ratio distributions in three-jet and Z + two-jet final states in pp collisions at 8 and 13 TeV,,VALIDATED,direct,https://gitlab.com/hepcedar/rivet/-/blob/74816bd4cf29a9d71447f8c122887d498d3dea3a/analyses/pluginCMS/CMS_2021_I1847230.cc,1,0,,
rivet:CMS_2021_I1849180,CMS,rivet,heavy-ion,Drell-Yan dimuon production in proton-lead collisions at 8.16 TeV,,VALIDATED,direct,https://gitlab.com/hepcedar/rivet/-/blob/74816bd4cf29a9d71447f8c122887d498d3dea3a/analyses/pluginCMS/CMS_2021_I1849180.cc,1,0,heavy-ion-domain,
rivet:CMS_2021_I1866118,CMS,rivet,fiducial-measurement,Study of Z boson plus jets events using variables sensitive to double-parton scattering in pp collisions at 13 TeV,,VALIDATED,direct,https://gitlab.com/hepcedar/rivet/-/blob/74816bd4cf29a9d71447f8c122887d498d3dea3a/analyses/pluginCMS/CMS_2021_I1866118.cc,1,0,,
rivet:CMS_2021_I1876550,CMS,rivet,fiducial-measurement,"Prompt $D^0$, $D^{*\pm}$ and $D^\pm$ meson production at 7 TeV",,VALIDATED NOHEPDATA,direct,https://gitlab.com/hepcedar/rivet/-/blob/74816bd4cf29a9d71447f8c122887d498d3dea3a/analyses/pluginCMS/CMS_2021_I1876550.cc,1,0,,
rivet:CMS_2021_I1901295,CMS,rivet,fiducial-measurement,Differential cross sections for top quark pair production in the full kinematic range using the lepton+jets final state in proton proton collisions at 13 TeV,,VALIDATED,direct,https://gitlab.com/hepcedar/rivet/-/blob/74816bd4cf29a9d71447f8c122887d498d3dea3a/analyses/pluginCMS/CMS_2021_I1901295.cc,1,0,,
rivet:CMS_2021_I1920187,CMS,rivet,fiducial-measurement,Study of quark and gluon jet substructure in Z+jet and dijet events from pp collisions at 13 TeV,,VALIDATED,direct,https://gitlab.com/hepcedar/rivet/-/blob/74816bd4cf29a9d71447f8c122887d498d3dea3a/analyses/pluginCMS/CMS_2021_I1920187.cc,1,0,fastjet-contrib; large-r-jets,
rivet:CMS_2021_I1932460,CMS,rivet,fiducial-measurement,Measurement of double-parton scattering in inclusive production of four jets with low transverse momentum in proton-proton collisions at $\sqrt{s}$ = 13 TeV.,,VALIDATED,direct,https://gitlab.com/hepcedar/rivet/-/blob/74816bd4cf29a9d71447f8c122887d498d3dea3a/analyses/pluginCMS/CMS_2021_I1932460.cc,1,0,,
rivet:CMS_2021_I1963239,CMS,rivet,fiducial-measurement,Measurement of inclusive and Mueller-Navelet dijet cross sections and their ratios at 2.76 TeV,,VALIDATED,direct,https://gitlab.com/hepcedar/rivet/-/blob/74816bd4cf29a9d71447f8c122887d498d3dea3a/analyses/pluginCMS/CMS_2021_I1963239.cc,1,0,,
rivet:CMS_2021_I1972986,CMS,rivet,fiducial-measurement,Measurement and QCD analysis of double-differential inclusive jet cross sections in proton-proton collisions at 13 TeV,,VALIDATED,direct,https://gitlab.com/hepcedar/rivet/-/blob/74816bd4cf29a9d71447f8c122887d498d3dea3a/analyses/pluginCMS/CMS_2021_I1972986.cc,1,0,,
rivet:CMS_2021_I1978840,CMS,rivet,fiducial-measurement,"Measurement of $\mathrm{W}^{\pm}\gamma$ differential cross sections in proton-proton collisions at $\sqrt{s}=13\,\mathrm{TeV}$ and effective field theory constraints",,VALIDATED,direct,https://gitlab.com/hepcedar/rivet/-/blob/74816bd4cf29a9d71447f8c122887d498d3dea3a/analyses/pluginCMS/CMS_2021_I1978840.cc,1,0,,
rivet:CMS_2022_I1870319,CMS,rivet,fiducial-measurement,Prompt J/$\psi$ production in jets at 5.02 TeV,,VALIDATED,direct,https://gitlab.com/hepcedar/rivet/-/blob/74816bd4cf29a9d71447f8c122887d498d3dea3a/analyses/pluginCMS/CMS_2022_I1870319.cc,1,0,,
rivet:CMS_2022_I2079374,CMS,rivet,fiducial-measurement,Measurement of the mass dependence of the transverse momentum of lepton pairs in Drell--Yan production in proton-proton collisions at 13 TeV,,VALIDATED,direct,https://gitlab.com/hepcedar/rivet/-/blob/74816bd4cf29a9d71447f8c122887d498d3dea3a/analyses/pluginCMS/CMS_2022_I2079374.cc,1,0,,
rivet:CMS_2022_I2080534,CMS,rivet,fiducial-measurement,EW W+W- production at 13 TeV,,VALIDATED,direct,https://gitlab.com/hepcedar/rivet/-/blob/74816bd4cf29a9d71447f8c122887d498d3dea3a/analyses/pluginCMS/CMS_2022_I2080534.cc,1,0,,
rivet:CMS_2022_I2129461,CMS,rivet,fiducial-measurement,tW single top-quark differential cross sections at 13 TeV,,VALIDATED,direct,https://gitlab.com/hepcedar/rivet/-/blob/74816bd4cf29a9d71447f8c122887d498d3dea3a/analyses/pluginCMS/CMS_2022_I2129461.cc,1,0,,
rivet:CMS_2022_I2142341,CMS,rivet,fiducial-measurement,Measurement of differential fiducial Higgs boson production cross sections in $pp$collisions at $\sqrt{s} = 13$ TeV in the diphoton decay channel,,VALIDATED,direct,https://gitlab.com/hepcedar/rivet/-/blob/74816bd4cf29a9d71447f8c122887d498d3dea3a/analyses/pluginCMS/CMS_2022_I2142341.cc,1,0,,
rivet:CMS_2022_I2170533,CMS,rivet,fiducial-measurement,Measurements of jet multiplicity and jet transverse momentum in multijet events in proton-proton collisions at \sqrt{s} = 13 TeV,,VALIDATED,direct,https://gitlab.com/hepcedar/rivet/-/blob/74816bd4cf29a9d71447f8c122887d498d3dea3a/analyses/pluginCMS/CMS_2022_I2170533.cc,1,0,,
rivet:CMS_2023_I2703254,CMS,rivet,fiducial-measurement,Inclusive and differential cross section measurements of ttbb production in the lepton+jets channel at 13 TeV,,VALIDATED,direct,https://gitlab.com/hepcedar/rivet/-/blob/74816bd4cf29a9d71447f8c122887d498d3dea3a/analyses/pluginCMS/CMS_2023_I2703254.cc,1,0,,
rivet:CMS_2023_I2709669,CMS,rivet,fiducial-measurement,WWgamma production in emu final state at 13 TeV,,VALIDATED,direct,https://gitlab.com/hepcedar/rivet/-/blob/74816bd4cf29a9d71447f8c122887d498d3dea3a/analyses/pluginCMS/CMS_2023_I2709669.cc,1,0,,
rivet:CMS_2024_I2760466,CMS,rivet,fiducial-measurement,Measurement of energy correlators inside jets and determination of the strong coupling at 13 TeV,,VALIDATED,direct,https://gitlab.com/hepcedar/rivet/-/blob/74816bd4cf29a9d71447f8c122887d498d3dea3a/analyses/pluginCMS/CMS_2024_I2760466.cc,1,0,,
rivet:CMS_2024_I2780732,CMS,rivet,fiducial-measurement,Measurement of Rdphi observable for the determination of the strong coupling at 13 TeV,,VALIDATED,direct,https://gitlab.com/hepcedar/rivet/-/blob/74816bd4cf29a9d71447f8c122887d498d3dea3a/analyses/pluginCMS/CMS_2024_I2780732.cc,1,0,,
rivet:CMS_2024_I2796231,CMS,rivet,fiducial-measurement,$\mathrm{W}^{+}\mathrm{W^{-}}$ boson pair production in proton-proton collisions at 13.6 TeV,,VALIDATED,direct,https://gitlab.com/hepcedar/rivet/-/blob/74816bd4cf29a9d71447f8c122887d498d3dea3a/analyses/pluginCMS/CMS_2024_I2796231.cc,1,0,,
rivet:CMS_2025_I2905870,CMS,rivet,fiducial-measurement,Fiducial cross section measurement of WZ$\gamma$ production in the leptonic final state at 13 TeV,,VALIDATED NOHEPDATA,direct,https://gitlab.com/hepcedar/rivet/-/blob/74816bd4cf29a9d71447f8c122887d498d3dea3a/analyses/pluginCMS/CMS_2025_I2905870.cc,1,0,,
rivet:CMS_2025_I2924533,CMS,rivet,fiducial-measurement,Distributions of event shape observables for 13 TeV inelastic pp collisions,,VALIDATED,direct,https://gitlab.com/hepcedar/rivet/-/blob/74816bd4cf29a9d71447f8c122887d498d3dea3a/analyses/pluginCMS/CMS_2025_I2924533.cc,1,0,,
rivet:CMS_2026_I3125663,CMS,rivet,fiducial-measurement,Measurement of angular correlations inside jets induced by gluon polarization at 13.6 TeV,,VALIDATED,direct,https://gitlab.com/hepcedar/rivet/-/blob/74816bd4cf29a9d71447f8c122887d498d3dea3a/analyses/pluginONNX/CMS_2026_I3125663.cc,1,0,onnx,
rivet:CMS_2026_I3132411,CMS,rivet,fiducial-measurement,Jet mass of W bosons decaying to qq in pp collisions at 13 TeV,,VALIDATED,direct,https://gitlab.com/hepcedar/rivet/-/blob/74816bd4cf29a9d71447f8c122887d498d3dea3a/analyses/pluginCMS/CMS_2026_I3132411.cc,1,0,fastjet-contrib; large-r-jets,
rivet:CMS_2026_I3136278,CMS,rivet,search-recast,Measurement of dijet angular distributions and search for beyond the standard model physics in proton-proton collisions at sqrt(s)=13 TeV,,VALIDATED,direct,https://gitlab.com/hepcedar/rivet/-/blob/74816bd4cf29a9d71447f8c122887d498d3dea3a/analyses/pluginCMS/CMS_2026_I3136278.cc,1,0,,
rivet:FASER_2024_I2855783,FASER,rivet,neutrino,Muon neutrino cross-section and flux at 13.6 TeV,,VALIDATED,direct,https://gitlab.com/hepcedar/rivet/-/blob/74816bd4cf29a9d71447f8c122887d498d3dea3a/analyses/pluginNeutrino/FASER_2024_I2855783.cc,1,0,,
rivet:LHCB_2010_I865584,LHCb,rivet,fiducial-measurement,LHCb differential cross section measurement of prompt $K^0_S$ production in three rapidity windows at $\sqrt{s} = 0.9$ TeV,,VALIDATED,direct,https://gitlab.com/hepcedar/rivet/-/blob/74816bd4cf29a9d71447f8c122887d498d3dea3a/analyses/pluginLHCb/LHCB_2010_I865584.cc,1,0,,
rivet:LHCB_2010_I867355,LHCb,rivet,fiducial-measurement,Measurement of $\sigma(pp \to b \bar{b} X$ at $\sqrt{s} = 7$ TeV in the forward region,,VALIDATED,direct,https://gitlab.com/hepcedar/rivet/-/blob/74816bd4cf29a9d71447f8c122887d498d3dea3a/analyses/pluginLHCb/LHCB_2010_I867355.cc,1,0,,
rivet:LHCB_2011_I891233,LHCb,rivet,flavour,Differential cross sections for $J/\psi$ production at 7 TeV,,VALIDATED,direct,https://gitlab.com/hepcedar/rivet/-/blob/74816bd4cf29a9d71447f8c122887d498d3dea3a/analyses/pluginLHCb/LHCB_2011_I891233.cc,1,0,flavour-domain,
rivet:LHCB_2011_I917009,LHCb,rivet,fiducial-measurement,$V^0$ production ratios in $pp$ collisions at $\sqrt{s}= 0.9$ and 7 TeV at LHCb,,VALIDATED,direct,https://gitlab.com/hepcedar/rivet/-/blob/74816bd4cf29a9d71447f8c122887d498d3dea3a/analyses/pluginLHCb/LHCB_2011_I917009.cc,1,0,lifetime,
rivet:LHCB_2011_I919315,LHCb,rivet,fiducial-measurement,Inclusive differential $\Phi$ production cross-section as a function of $p_\text{T}$ and $y$,,VALIDATED,direct,https://gitlab.com/hepcedar/rivet/-/blob/74816bd4cf29a9d71447f8c122887d498d3dea3a/analyses/pluginLHCb/LHCB_2011_I919315.cc,1,0,,
rivet:LHCB_2012_I1087907,LHCb,rivet,fiducial-measurement,Relative rates of prompt $\chi_{c2}$/$\chi_{c1}$ production at 7 TeV,,VALIDATED,direct,https://gitlab.com/hepcedar/rivet/-/blob/74816bd4cf29a9d71447f8c122887d498d3dea3a/analyses/pluginLHCb/LHCB_2012_I1087907.cc,1,0,,
rivet:LHCB_2012_I1091071,LHCb,rivet,fiducial-measurement,"Differential cross sections for $\Upsilon(1,2,3S)$ production at 7 TeV",,VALIDATED,direct,https://gitlab.com/hepcedar/rivet/-/blob/74816bd4cf29a9d71447f8c122887d498d3dea3a/analyses/pluginLHCb/LHCB_2012_I1091071.cc,1,0,,
rivet:LHCB_2012_I1097092,LHCb,rivet,flavour,$B_c^+\to J/\psi\pi^+$ and $B_c^+\to J/\psi\pi^+\pi^+\pi^-$,,VALIDATED NOHEPDATA,direct,https://gitlab.com/hepcedar/rivet/-/blob/74816bd4cf29a9d71447f8c122887d498d3dea3a/analyses/pluginLHCb/LHCB_2012_I1097092.cc,1,0,flavour-domain,
rivet:LHCB_2012_I1107645,LHCb,rivet,fiducial-measurement,$\chi_{c}$ production at 7 TeV,,VALIDATED,direct,https://gitlab.com/hepcedar/rivet/-/blob/74816bd4cf29a9d71447f8c122887d498d3dea3a/analyses/pluginLHCb/LHCB_2012_I1107645.cc,1,0,,
rivet:LHCB_2012_I1114753,LHCb,rivet,flavour,$\pi^+\pi^-$ mass distribution in $\Lambda_b^{*0}(5920)\to\Lambda_b^0\pi^+\pi^-$ decays,,VALIDATED,direct,https://gitlab.com/hepcedar/rivet/-/blob/74816bd4cf29a9d71447f8c122887d498d3dea3a/analyses/pluginLHCb/LHCB_2012_I1114753.cc,1,0,,
rivet:LHCB_2012_I1119400,LHCb,rivet,fiducial-measurement,Measurement of prompt hadron production ratios in $pp$ collisions at $\sqrt{s} = 0.9$ and 7 TeV,,VALIDATED,direct,https://gitlab.com/hepcedar/rivet/-/blob/74816bd4cf29a9d71447f8c122887d498d3dea3a/analyses/pluginLHCb/LHCB_2012_I1119400.cc,1,0,lifetime,
rivet:LHCB_2012_I1184177,LHCb,rivet,flavour,Fraction of $\Upsilon(1S)$ from $\chi_b(1P)$ decays at 7 TeV,,VALIDATED,direct,https://gitlab.com/hepcedar/rivet/-/blob/74816bd4cf29a9d71447f8c122887d498d3dea3a/analyses/pluginLHCb/LHCB_2012_I1184177.cc,1,0,,
rivet:LHCB_2012_I1208102,LHCb,rivet,fiducial-measurement,Differential cross-sections of $\mathrm{Z}/\gamma^* \to e^{+}e^{-}$ vs rapidity and $\phi^*$,,VALIDATED,direct,https://gitlab.com/hepcedar/rivet/-/blob/74816bd4cf29a9d71447f8c122887d498d3dea3a/analyses/pluginLHCb/LHCB_2012_I1208102.cc,1,0,,
rivet:LHCB_2013_I1081268,LHCb,rivet,flavour,Helicity angles in $B^0_S\to J/\psi f_0(980)$,,VALIDATED NOHEPDATA,direct,https://gitlab.com/hepcedar/rivet/-/blob/74816bd4cf29a9d71447f8c122887d498d3dea3a/analyses/pluginLHCb/LHCB_2013_I1081268.cc,1,0,flavour-domain,
rivet:LHCB_2013_I1205646,LHCb,rivet,flavour,$J/\psi$ production at 2.76 TeV,,VALIDATED,direct,https://gitlab.com/hepcedar/rivet/-/blob/74816bd4cf29a9d71447f8c122887d498d3dea3a/analyses/pluginLHCb/LHCB_2013_I1205646.cc,1,0,flavour-domain,
rivet:LHCB_2013_I1208105,LHCb,rivet,fiducial-measurement,LHCb measurement of energy flow from $pp$ collisions at $\sqrt{s} = 7$ TeV,,VALIDATED,direct,https://gitlab.com/hepcedar/rivet/-/blob/74816bd4cf29a9d71447f8c122887d498d3dea3a/analyses/pluginLHCb/LHCB_2013_I1208105.cc,1,0,,
rivet:LHCB_2013_I1215607,LHCb,rivet,fiducial-measurement,$B_s^0$ fraction at 7 TeV,,VALIDATED NOHEPDATA,direct,https://gitlab.com/hepcedar/rivet/-/blob/74816bd4cf29a9d71447f8c122887d498d3dea3a/analyses/pluginLHCb/LHCB_2013_I1215607.cc,1,0,,
rivet:LHCB_2013_I1218996,LHCb,rivet,flavour,Charm-hadron differential cross-sections in $p_\perp$ and rapidity,,VALIDATED,direct,https://gitlab.com/hepcedar/rivet/-/blob/74816bd4cf29a9d71447f8c122887d498d3dea3a/analyses/pluginLHCb/LHCB_2013_I1218996.cc,1,0,flavour-domain,
rivet:LHCB_2013_I1230344,LHCb,rivet,flavour,"Differential cross sections for $J/\psi$ and $\Upsilon(1,2,3S)$ production at 8 TeV",,VALIDATED,direct,https://gitlab.com/hepcedar/rivet/-/blob/74816bd4cf29a9d71447f8c122887d498d3dea3a/analyses/pluginLHCb/LHCB_2013_I1230344.cc,1,0,flavour-domain,
rivet:LHCB_2013_I1238809,LHCb,rivet,flavour,B meson production at 7 TeV,,VALIDATED,direct,https://gitlab.com/hepcedar/rivet/-/blob/74816bd4cf29a9d71447f8c122887d498d3dea3a/analyses/pluginLHCb/LHCB_2013_I1238809.cc,1,0,flavour-domain,
rivet:LHCB_2013_I1242869,LHCb,rivet,fiducial-measurement,"Relative rates of prompt $\chi_{c(0,1,2)}$ production at 7 TeV",,VALIDATED,direct,https://gitlab.com/hepcedar/rivet/-/blob/74816bd4cf29a9d71447f8c122887d498d3dea3a/analyses/pluginLHCb/LHCB_2013_I1242869.cc,1,0,,
rivet:LHCB_2013_I1243156,LHCb,rivet,flavour,Helicity angle distributions in excited $D$ meson decays,,VALIDATED,direct,https://gitlab.com/hepcedar/rivet/-/blob/74816bd4cf29a9d71447f8c122887d498d3dea3a/analyses/pluginLHCb/LHCB_2013_I1243156.cc,1,0,,
rivet:LHCB_2013_I1244315,LHCb,rivet,fiducial-measurement,J$/\psi$ polarization at 7 TeV,,VALIDATED,direct,https://gitlab.com/hepcedar/rivet/-/blob/74816bd4cf29a9d71447f8c122887d498d3dea3a/analyses/pluginLHCb/LHCB_2013_I1244315.cc,1,0,,
rivet:LHCB_2013_I1251899,LHCb,rivet,heavy-ion,Study of $J/\psi$ production and cold nuclear matter effects in $p\mathrm{Pb}$ collisions at $\sqrt{s_{NN}} = 5$ TeV,,VALIDATED,direct,https://gitlab.com/hepcedar/rivet/-/blob/74816bd4cf29a9d71447f8c122887d498d3dea3a/analyses/pluginLHCb/LHCB_2013_I1251899.cc,1,0,heavy-ion-domain; flavour-domain,
rivet:LHCB_2014_I1262703,LHCb,rivet,fiducial-measurement,Study of forward Z + jet production in $pp$ collisions at $\sqrt{s}=7$ TeV in the LHCb fiducial phase-space,,VALIDATED,direct,https://gitlab.com/hepcedar/rivet/-/blob/74816bd4cf29a9d71447f8c122887d498d3dea3a/analyses/pluginLHCb/LHCB_2014_I1262703.cc,1,0,,
rivet:LHCB_2014_I1280929,LHCb,rivet,fiducial-measurement,"$\Upsilon(1,2,3S)$ production at 2.76 TeV",,VALIDATED,direct,https://gitlab.com/hepcedar/rivet/-/blob/74816bd4cf29a9d71447f8c122887d498d3dea3a/analyses/pluginLHCb/LHCB_2014_I1280929.cc,1,0,,
rivet:LHCB_2014_I1281685,LHCb,rivet,fiducial-measurement,Charged particle multiplicities and densities in $pp$ collisions at $\sqrt{s} = 7$ TeV,,VALIDATED,direct,https://gitlab.com/hepcedar/rivet/-/blob/74816bd4cf29a9d71447f8c122887d498d3dea3a/analyses/pluginLHCb/LHCB_2014_I1281685.cc,1,0,lifetime,
rivet:LHCB_2014_I1298273,LHCb,rivet,fiducial-measurement,$\Lambda_b^0$ fraction at 7 TeV,,VALIDATED NOHEPDATA,direct,https://gitlab.com/hepcedar/rivet/-/blob/74816bd4cf29a9d71447f8c122887d498d3dea3a/analyses/pluginLHCb/LHCB_2014_I1298273.cc,1,0,,
rivet:LHCB_2014_I1308738,LHCb,rivet,flavour,"Fraction of $\Upsilon(1,2,3S)$ from $\chi_b(1,2,3P)$ decays at 7 and 8 TeV",,VALIDATED,direct,https://gitlab.com/hepcedar/rivet/-/blob/74816bd4cf29a9d71447f8c122887d498d3dea3a/analyses/pluginLHCb/LHCB_2014_I1308738.cc,1,0,,
rivet:LHCB_2014_I1309880,LHCb,rivet,flavour,Mass distributions in $B_c^+\to J/\psi p\bar{p}\pi^+$,,VALIDATED NOHEPDATA,direct,https://gitlab.com/hepcedar/rivet/-/blob/74816bd4cf29a9d71447f8c122887d498d3dea3a/analyses/pluginLHCb/LHCB_2014_I1309880.cc,1,0,flavour-domain,
rivet:LHCB_2014_I1311488,LHCb,rivet,fiducial-measurement,Measurement of the forward $W$ boson cross-section in $pp$ collisions at $\sqrt{s}=7 TeV$,,VALIDATED,direct,https://gitlab.com/hepcedar/rivet/-/blob/74816bd4cf29a9d71447f8c122887d498d3dea3a/analyses/pluginLHCb/LHCB_2014_I1311488.cc,1,0,,
rivet:LHCB_2014_I1315113,LHCb,rivet,fiducial-measurement,Relative production rates of $\chi_{b1}(1P)$ to $\chi_{b2}(1P)$ at 7 TeV,,VALIDATED,direct,https://gitlab.com/hepcedar/rivet/-/blob/74816bd4cf29a9d71447f8c122887d498d3dea3a/analyses/pluginLHCb/LHCB_2014_I1315113.cc,1,0,,
rivet:LHCB_2015_I1316329,LHCb,rivet,fiducial-measurement,Prompt and non-prompt $\eta_c$ production at 7 and 8 TeV,,VALIDATED,direct,https://gitlab.com/hepcedar/rivet/-/blob/74816bd4cf29a9d71447f8c122887d498d3dea3a/analyses/pluginLHCb/LHCB_2015_I1316329.cc,1,0,,
rivet:LHCB_2015_I1327230,LHCb,rivet,fiducial-measurement,$B_c^+$ meson production at 8 TeV,,VALIDATED,direct,https://gitlab.com/hepcedar/rivet/-/blob/74816bd4cf29a9d71447f8c122887d498d3dea3a/analyses/pluginLHCb/LHCB_2015_I1327230.cc,1,0,,
rivet:LHCB_2015_I1333223,LHCb,rivet,fiducial-measurement,Measurement of inelastic interaction cross-section in pp collisions at 7 TeV for LHCb fiducial phase-space.,,VALIDATED,direct,https://gitlab.com/hepcedar/rivet/-/blob/74816bd4cf29a9d71447f8c122887d498d3dea3a/analyses/pluginLHCb/LHCB_2015_I1333223.cc,1,0,lifetime,
rivet:LHCB_2015_I1373300,LHCb,rivet,fiducial-measurement,Measurement of the forward $Z$ boson cross-section in $pp$ collisions at $\sqrt{s}=7 TeV$,,VALIDATED,direct,https://gitlab.com/hepcedar/rivet/-/blob/74816bd4cf29a9d71447f8c122887d498d3dea3a/analyses/pluginLHCb/LHCB_2015_I1373300.cc,1,0,,
rivet:LHCB_2015_I1391511,LHCb,rivet,fiducial-measurement,J/$\psi$ production at 13 TeV,,VALIDATED,direct,https://gitlab.com/hepcedar/rivet/-/blob/74816bd4cf29a9d71447f8c122887d498d3dea3a/analyses/pluginLHCb/LHCB_2015_I1391511.cc,1,0,,
rivet:LHCB_2015_I1392456,LHCb,rivet,fiducial-measurement,"Differential cross sections for $\Upsilon(1,2,3S)$ production at 7 and  8 TeV",,VALIDATED,direct,https://gitlab.com/hepcedar/rivet/-/blob/74816bd4cf29a9d71447f8c122887d498d3dea3a/analyses/pluginLHCb/LHCB_2015_I1392456.cc,1,0,,
rivet:LHCB_2015_I1396331,LHCb,rivet,flavour,Charm hadron differential cross-sections in $p_T$ and rapidity at $\sqrt{s} = 13$ TeV,,VALIDATED,direct,https://gitlab.com/hepcedar/rivet/-/blob/74816bd4cf29a9d71447f8c122887d498d3dea3a/analyses/pluginLHCb/LHCB_2015_I1396331.cc,1,0,flavour-domain,
rivet:LHCB_2015_I1401225,LHCb,rivet,flavour,Mass distributions in the decay $D^0\to K^-\pi^+\mu^+\mu^-$,,VALIDATED NOHEPDATA,direct,https://gitlab.com/hepcedar/rivet/-/blob/74816bd4cf29a9d71447f8c122887d498d3dea3a/analyses/pluginLHCb/LHCB_2015_I1401225.cc,1,0,,
rivet:LHCB_2016_I1391317,LHCb,rivet,fiducial-measurement,$\Lambda_b^0$ and $B^0$ production at 7 and 8 TeV,,VALIDATED,direct,https://gitlab.com/hepcedar/rivet/-/blob/74816bd4cf29a9d71447f8c122887d498d3dea3a/analyses/pluginLHCb/LHCB_2016_I1391317.cc,1,0,,
rivet:LHCB_2016_I1394391,LHCb,rivet,fiducial-measurement,Dalitz plot analysis of $D^0\to K^0_SK^\pm\pi^\mp$,,VALIDATED NOHEPDATA,direct,https://gitlab.com/hepcedar/rivet/-/blob/74816bd4cf29a9d71447f8c122887d498d3dea3a/analyses/pluginLHCb/LHCB_2016_I1394391.cc,1,0,,
rivet:LHCB_2016_I1414195,LHCb,rivet,flavour,Helicity angle distributions in excited $D_s$ meson decays,,VALIDATED NOHEPDATA,direct,https://gitlab.com/hepcedar/rivet/-/blob/74816bd4cf29a9d71447f8c122887d498d3dea3a/analyses/pluginLHCb/LHCB_2016_I1414195.cc,1,0,,duplicate metadata field: Keywords
rivet:LHCB_2016_I1454404,LHCb,rivet,fiducial-measurement,Measurement of forward W and Z boson production in association with jets at LHCb,,VALIDATED,direct,https://gitlab.com/hepcedar/rivet/-/blob/74816bd4cf29a9d71447f8c122887d498d3dea3a/analyses/pluginLHCb/LHCB_2016_I1454404.cc,1,0,,
rivet:LHCB_2016_I1490663,LHCb,rivet,flavour,Charm hadron differential cross-sections in $p_\perp$ and rapidity at $\sqrt{s} = 5$ TeV,,VALIDATED,direct,https://gitlab.com/hepcedar/rivet/-/blob/74816bd4cf29a9d71447f8c122887d498d3dea3a/analyses/pluginLHCb/LHCB_2016_I1490663.cc,1,0,flavour-domain,
rivet:LHCB_2016_I1504058,LHCb,rivet,flavour,Measurement of the $b$-quark production cross-section in 7 and 13 TeV $pp$ collisions,,VALIDATED,direct,https://gitlab.com/hepcedar/rivet/-/blob/74816bd4cf29a9d71447f8c122887d498d3dea3a/analyses/pluginLHCb/LHCB_2016_I1504058.cc,1,0,flavour-domain,
rivet:LHCB_2017_I1509507,LHCb,rivet,fiducial-measurement,J/$\psi$ production in jets at 13 TeV,,VALIDATED NOHEPDATA,direct,https://gitlab.com/hepcedar/rivet/-/blob/74816bd4cf29a9d71447f8c122887d498d3dea3a/analyses/pluginLHCb/LHCB_2017_I1509507.cc,1,0,,
rivet:LHCB_2017_I1596893,LHCb,rivet,fiducial-measurement,Mass distributions in $B^0\to p\bar\Lambda\pi^-$ and $B^0_s\to p\bar\Lambda K^-$,,VALIDATED NOHEPDATA,direct,https://gitlab.com/hepcedar/rivet/-/blob/74816bd4cf29a9d71447f8c122887d498d3dea3a/analyses/pluginLHCb/LHCB_2017_I1596893.cc,1,0,,
rivet:LHCB_2017_I1621596,LHCb,rivet,fiducial-measurement,"Measurement of $\Upsilon(1,2,3S)$ polarization at 7 and 8 TeV",,VALIDATED,direct,https://gitlab.com/hepcedar/rivet/-/blob/74816bd4cf29a9d71447f8c122887d498d3dea3a/analyses/pluginLHCb/LHCB_2017_I1621596.cc,1,0,,
rivet:LHCB_2017_I1621811,LHCb,rivet,flavour,Differential Decay rates for $\Lambda_b^0\to \Lambda_c^+ \mu^-\bar{\nu}_\mu$,,VALIDATED NOHEPDATA,direct,https://gitlab.com/hepcedar/rivet/-/blob/74816bd4cf29a9d71447f8c122887d498d3dea3a/analyses/pluginLHCb/LHCB_2017_I1621811.cc,1,0,,
rivet:LHCB_2017_I1630633,LHCb,rivet,fiducial-measurement,$B^\pm$ meson production at 7 and 13 TeV,,VALIDATED NOHEPDATA,direct,https://gitlab.com/hepcedar/rivet/-/blob/74816bd4cf29a9d71447f8c122887d498d3dea3a/analyses/pluginLHCb/LHCB_2017_I1630633.cc,1,0,,
rivet:LHCB_2018_I1662483,LHCb,rivet,fiducial-measurement,Measurement of the forward top pair production cross-section in the dilepton channel,,VALIDATED,direct,https://gitlab.com/hepcedar/rivet/-/blob/74816bd4cf29a9d71447f8c122887d498d3dea3a/analyses/pluginLHCb/LHCB_2018_I1662483.cc,1,0,,
rivet:LHCB_2018_I1665223,LHCb,rivet,long-lived,"Measurement of $pp$ inelastic cross-section at 13 TeV using prompt, long-lived particles in the LHCb fiducial phase-space",,VALIDATED,direct,https://gitlab.com/hepcedar/rivet/-/blob/74816bd4cf29a9d71447f8c122887d498d3dea3a/analyses/pluginLHCb/LHCB_2018_I1665223.cc,1,0,llp-domain; forward-domain,
rivet:LHCB_2018_I1670013,LHCb,rivet,fiducial-measurement,"Differential cross sections for $\Upsilon(1,2,3S)$ production at 13 TeV",,VALIDATED,direct,https://gitlab.com/hepcedar/rivet/-/blob/74816bd4cf29a9d71447f8c122887d498d3dea3a/analyses/pluginLHCb/LHCB_2018_I1670013.cc,1,0,,
rivet:LHCB_2018_I1674916,LHCb,rivet,flavour,Prompt $D_s+/D_s^-$ Asymmetry at 7 and 8 TeV,,VALIDATED,direct,https://gitlab.com/hepcedar/rivet/-/blob/74816bd4cf29a9d71447f8c122887d498d3dea3a/analyses/pluginLHCb/LHCB_2018_I1674916.cc,1,0,,
rivet:LHCB_2018_I1704426,LHCb,rivet,flavour,Mass distributions in the decays $D^0\to K^+K^-\pi^+\pi^-$,,VALIDATED NOHEPDATA,direct,https://gitlab.com/hepcedar/rivet/-/blob/74816bd4cf29a9d71447f8c122887d498d3dea3a/analyses/pluginLHCb/LHCB_2018_I1704426.cc,1,0,,
rivet:LHCB_2019_I1716259,LHCb,rivet,fiducial-measurement,"Rate of $\Xi_b^-$ production at 7, 8 and 13 TeV",,VALIDATED NOHEPDATA,direct,https://gitlab.com/hepcedar/rivet/-/blob/74816bd4cf29a9d71447f8c122887d498d3dea3a/analyses/pluginLHCb/LHCB_2019_I1716259.cc,1,0,,
rivet:LHCB_2019_I1720413,LHCb,rivet,heavy-ion,"Measurement of $B^+$, $B^0$ and $\mathit{\Lambda}_b^0$ production in $p\mathrm{Pb}$ collisions at $\sqrt{s_\mathrm{NN}} = 8.16\,\mathrm{TeV}$",,VALIDATED,direct,https://gitlab.com/hepcedar/rivet/-/blob/74816bd4cf29a9d71447f8c122887d498d3dea3a/analyses/pluginLHCb/LHCB_2019_I1720413.cc,1,0,heavy-ion-domain,
rivet:LHCB_2019_I1720423,LHCb,rivet,fiducial-measurement,Dalitz plot analysis of $D^+\to K^+K^+K^-$,,VALIDATED NOHEPDATA,direct,https://gitlab.com/hepcedar/rivet/-/blob/74816bd4cf29a9d71447f8c122887d498d3dea3a/analyses/pluginLHCb/LHCB_2019_I1720423.cc,1,0,,
rivet:LHCB_2019_I1720859,LHCb,rivet,fiducial-measurement,Measurement of b-hadron fractions in 13 TeV pp collisions,,VALIDATED,direct,https://gitlab.com/hepcedar/rivet/-/blob/74816bd4cf29a9d71447f8c122887d498d3dea3a/analyses/pluginLHCb/LHCB_2019_I1720859.cc,1,0,,
rivet:LHCB_2019_I1730448,LHCb,rivet,fiducial-measurement,Measurement of charged hadron production in Z-tagged jets in proton-proton collisions at $\sqrt{s}$ = 8 TeV,,VALIDATED,direct,https://gitlab.com/hepcedar/rivet/-/blob/74816bd4cf29a9d71447f8c122887d498d3dea3a/analyses/pluginLHCb/LHCB_2019_I1730448.cc,1,0,,
rivet:LHCB_2019_I1748712,LHCb,rivet,fiducial-measurement,$\psi(2S)$ production at 7 and 13 TeV,,VALIDATED NOHEPDATA,direct,https://gitlab.com/hepcedar/rivet/-/blob/74816bd4cf29a9d71447f8c122887d498d3dea3a/analyses/pluginLHCb/LHCB_2019_I1748712.cc,1,0,,
rivet:LHCB_2019_I1760257,LHCb,rivet,flavour,"Ratio of strange to non-strange B meson production at 7,8 and 13 TeV",,VALIDATED NOHEPDATA,direct,https://gitlab.com/hepcedar/rivet/-/blob/74816bd4cf29a9d71447f8c122887d498d3dea3a/analyses/pluginLHCb/LHCB_2019_I1760257.cc,1,0,flavour-domain,
rivet:LHCB_2020_I1760788,LHCb,rivet,fiducial-measurement,$\Xi^{++}_{cc}$ production at 13 TeV,,VALIDATED,direct,https://gitlab.com/hepcedar/rivet/-/blob/74816bd4cf29a9d71447f8c122887d498d3dea3a/analyses/pluginLHCb/LHCB_2020_I1760788.cc,1,0,,
rivet:LHCB_2020_I1763898,LHCb,rivet,fiducial-measurement,Prompt and non-prompt $\eta_c$ production at 13 TeV,,VALIDATED,direct,https://gitlab.com/hepcedar/rivet/-/blob/74816bd4cf29a9d71447f8c122887d498d3dea3a/analyses/pluginLHCb/LHCB_2020_I1763898.cc,1,0,,
rivet:LHCB_2020_I1787090,LHCb,rivet,flavour,Differential Decay Rate for $B^0_s\to D_s^{*-} \mu^+\nu_\mu$,,VALIDATED,direct,https://gitlab.com/hepcedar/rivet/-/blob/74816bd4cf29a9d71447f8c122887d498d3dea3a/analyses/pluginLHCb/LHCB_2020_I1787090.cc,1,0,,
rivet:LHCB_2021_I1888216,LHCb,rivet,flavour,$\Lambda_b^0/\bar{\Lambda}_b^0$ Asymmetry at 7 and 8 TeV,,VALIDATED,direct,https://gitlab.com/hepcedar/rivet/-/blob/74816bd4cf29a9d71447f8c122887d498d3dea3a/analyses/pluginLHCb/LHCB_2021_I1888216.cc,1,0,,
rivet:LHCB_2021_I1889335,LHCb,rivet,long-lived,"Measurement of $pp$ inelastic cross-section at 13 TeV using prompt, long-lived particles in the LHCb fiducial phase-space",,VALIDATED,direct,https://gitlab.com/hepcedar/rivet/-/blob/74816bd4cf29a9d71447f8c122887d498d3dea3a/analyses/pluginLHCb/LHCB_2021_I1889335.cc,1,0,llp-domain; forward-domain,
rivet:LHCB_2021_I1913240,LHCb,rivet,heavy-ion,Measurement of nuclear modification factor and prompt charged-particle production in $p$-Pb and $pp$ collisions at $\sqrt{s_{NN}} = 5$ TeV,,VALIDATED,direct,https://gitlab.com/hepcedar/rivet/-/blob/74816bd4cf29a9d71447f8c122887d498d3dea3a/analyses/pluginLHCb/LHCB_2021_I1913240.cc,1,0,heavy-ion-domain,
rivet:LHCB_2021_I1915030,LHCb,rivet,fiducial-measurement,Prompt and non-prompt J$/\psi$ production at 5.02 TeV,,VALIDATED,direct,https://gitlab.com/hepcedar/rivet/-/blob/74816bd4cf29a9d71447f8c122887d498d3dea3a/analyses/pluginLHCb/LHCB_2021_I1915030.cc,1,0,,
rivet:LHCB_2021_I1990313,LHCb,rivet,fiducial-measurement,Forward $Z$ boson production cross-section in proton-proton collisions at $\sqrt{s}=13$ TeV,,VALIDATED,direct,https://gitlab.com/hepcedar/rivet/-/blob/74816bd4cf29a9d71447f8c122887d498d3dea3a/analyses/pluginLHCb/LHCB_2021_I1990313.cc,1,0,,
rivet:LHCB_2022_I1960979,LHCb,rivet,flavour,"Mass distributions in  $B_c^+\to J/\psi+$ $\pi^+\pi^+\pi^-$, $K^+K^-\pi^+$ and $K^+\pi^+\pi^-$",,VALIDATED NOHEPDATA,direct,https://gitlab.com/hepcedar/rivet/-/blob/74816bd4cf29a9d71447f8c122887d498d3dea3a/analyses/pluginLHCb/LHCB_2022_I1960979.cc,1,0,flavour-domain,
rivet:LHCB_2022_I1971920,LHCb,rivet,flavour,Decay asymmetry in $\Lambda_b^0\to\Lambda^0\gamma$,,VALIDATED NOHEPDATA,direct,https://gitlab.com/hepcedar/rivet/-/blob/74816bd4cf29a9d71447f8c122887d498d3dea3a/analyses/pluginLHCb/LHCB_2022_I1971920.cc,1,0,,
rivet:LHCB_2022_I2138845,LHCb,rivet,flavour,Mass distributions in $B_c^+$ decays to charmonia + multihadron final states,,VALIDATED NOHEPDATA,direct,https://gitlab.com/hepcedar/rivet/-/blob/74816bd4cf29a9d71447f8c122887d498d3dea3a/analyses/pluginLHCb/LHCB_2022_I2138845.cc,1,0,flavour-domain,
rivet:LHCB_2022_I2694685,LHCb,rivet,heavy-ion,"Measurement of the prompt $D^0$ nuclear modification factor in $p$-$\mathrm{Pb}$ collisions at $\sqrt{s_{NN}} = 8.16\,\mathrm{TeV}$",,VALIDATED,direct,https://gitlab.com/hepcedar/rivet/-/blob/74816bd4cf29a9d71447f8c122887d498d3dea3a/analyses/pluginLHCb/LHCB_2022_I2694685.cc,1,0,heavy-ion-domain,
rivet:LHCB_2023_I2633007,LHCb,rivet,flavour,Differential branching ratio w.r.t. $q^2$ for $\Lambda^b_0\to\Lambda(1520)^0\mu^+\mu^-$,,VALIDATED NOHEPDATA,direct,https://gitlab.com/hepcedar/rivet/-/blob/74816bd4cf29a9d71447f8c122887d498d3dea3a/analyses/pluginLHCb/LHCB_2023_I2633007.cc,1,0,,
rivet:LHCB_2023_I2635083,LHCb,rivet,fiducial-measurement,$\pi^+\pi^-$ mass distribution in $B^0_s\to\psi(2S)\pi^+\pi^-$ and $B^0_s\to\chi_{c1}\pi^+\pi^-$,,VALIDATED NOHEPDATA,direct,https://gitlab.com/hepcedar/rivet/-/blob/74816bd4cf29a9d71447f8c122887d498d3dea3a/analyses/pluginLHCb/LHCB_2023_I2635083.cc,1,0,,
rivet:LHCB_2023_I2643022,LHCb,rivet,flavour,Mass distributions in $B^+\to J/\psi\eta^\prime K^+$,,VALIDATED NOHEPDATA,direct,https://gitlab.com/hepcedar/rivet/-/blob/74816bd4cf29a9d71447f8c122887d498d3dea3a/analyses/pluginLHCb/LHCB_2023_I2643022.cc,1,0,flavour-domain,
rivet:LHCB_2024_I2756705,LHCb,rivet,flavour,$\pi^+\pi^0$ mass distribution in $B_c^+\to J/\psi \pi^+\pi^0$ decays,,VALIDATED NOHEPDATA,direct,https://gitlab.com/hepcedar/rivet/-/blob/74816bd4cf29a9d71447f8c122887d498d3dea3a/analyses/pluginLHCb/LHCB_2024_I2756705.cc,1,0,flavour-domain,
rivet:LHCB_2024_I2824757,LHCb,rivet,flavour,"Decay parameters in $\Lambda^0_b\to\Lambda_c^+(\pi^-,K^-)$ with $\Lambda_c^+\to \Lambda^0(\pi^+,K^+)$ or  $\Lambda_c^+\to p K^0_S$",,VALIDATED NOHEPDATA,direct,https://gitlab.com/hepcedar/rivet/-/blob/74816bd4cf29a9d71447f8c122887d498d3dea3a/analyses/pluginLHCb/LHCB_2024_I2824757.cc,1,0,,
rivet:LHCB_2025_I2922449,LHCb,rivet,fiducial-measurement,Measurement of b-jet mass with and without grooming,,VALIDATED,direct,https://gitlab.com/hepcedar/rivet/-/blob/74816bd4cf29a9d71447f8c122887d498d3dea3a/analyses/pluginLHCb/LHCB_2025_I2922449.cc,1,0,fastjet-contrib,
rivet:LHCF_2012_I1115479,LHCf,rivet,forward,Measurement of forward neutral pion transverse momentum spectra for $\sqrt{s}$ = 7 TeV proton-proton collisions at LHC,,VALIDATED,direct,https://gitlab.com/hepcedar/rivet/-/blob/74816bd4cf29a9d71447f8c122887d498d3dea3a/analyses/pluginLHCf/LHCF_2012_I1115479.cc,1,0,,
rivet:LHCF_2015_I1351909,LHCf,rivet,forward,Measurement of very forward neutron energy spectra for 7 TeV proton-proton collisions at the Large Hadron Collider,,VALIDATED,direct,https://gitlab.com/hepcedar/rivet/-/blob/74816bd4cf29a9d71447f8c122887d498d3dea3a/analyses/pluginLHCf/LHCF_2015_I1351909.cc,1,0,lifetime,
rivet:LHCF_2016_I1385877,LHCf,rivet,forward,Longitudinal and transverse momentum distributions for neutral pions in the forward-rapidity region,,VALIDATED,direct,https://gitlab.com/hepcedar/rivet/-/blob/74816bd4cf29a9d71447f8c122887d498d3dea3a/analyses/pluginLHCf/LHCF_2016_I1385877.cc,1,0,heavy-ion-domain,
rivet:LHCF_2018_I1518782,LHCf,rivet,forward,"Measurement of forward photon production cross-section in proton-proton collisions at $\mathrm{\sqrt{s}=13\,TeV}$ with the LHCf detector",,VALIDATED,direct,https://gitlab.com/hepcedar/rivet/-/blob/74816bd4cf29a9d71447f8c122887d498d3dea3a/analyses/pluginLHCf/LHCF_2018_I1518782.cc,1,0,,
rivet:LHCF_2018_I1692008,LHCf,rivet,forward,"Measurement of forward neutron production cross-section in proton-proton collisions at $\mathrm{\sqrt{s}=13\,TeV}$ with the LHCf detector",,VALIDATED,direct,https://gitlab.com/hepcedar/rivet/-/blob/74816bd4cf29a9d71447f8c122887d498d3dea3a/analyses/pluginLHCf/LHCF_2018_I1692008.cc,1,0,,
rivet:LHCF_2020_I1783943,LHCf,rivet,forward,"Measurement of energy flow, cross section and average inelasticity of forward neutrons produced in $\sqrt{s} = 13$~TeV proton-proton collisions with the LHCf Arm2 detector",,VALIDATED,direct,https://gitlab.com/hepcedar/rivet/-/blob/74816bd4cf29a9d71447f8c122887d498d3dea3a/analyses/pluginLHCf/LHCF_2020_I1783943.cc,1,0,,
rivet:LHCF_2023_I2658888,LHCf,rivet,forward,Measurement of the forward $\eta$ meson production rate in p-p collisions at $\sqrt{s} = 13$~TeV with the LHCf-Arm2 detector,,VALIDATED,direct,https://gitlab.com/hepcedar/rivet/-/blob/74816bd4cf29a9d71447f8c122887d498d3dea3a/analyses/pluginLHCf/LHCF_2023_I2658888.cc,1,0,,
rivet:TOTEM_2012_I1115294,TOTEM,rivet,forward,Forward $\mathrm{d}N/\mathrm{d}\eta$ at 7~TeV,,VALIDATED,direct,https://gitlab.com/hepcedar/rivet/-/blob/74816bd4cf29a9d71447f8c122887d498d3dea3a/analyses/pluginTOTEM/TOTEM_2012_I1115294.cc,1,0,,
rivet:TOTEM_2012_I1220862,TOTEM,rivet,forward,Measurement of proton-proton elastic scattering and total cross section at $\sqrt{s} = 7~\TeV$,,VALIDATED,direct,https://gitlab.com/hepcedar/rivet/-/blob/74816bd4cf29a9d71447f8c122887d498d3dea3a/analyses/pluginTOTEM/TOTEM_2012_I1220862.cc,1,0,forward-domain,
rivet:TOTEM_2014_I1328627,TOTEM,rivet,forward,Forward charged particle pseudorapidity density in $pp$ collisions at $\sqrt{s} = 8 \TeV$ using a displaced interaction point,,VALIDATED,direct,https://gitlab.com/hepcedar/rivet/-/blob/74816bd4cf29a9d71447f8c122887d498d3dea3a/analyses/pluginTOTEM/TOTEM_2014_I1328627.cc,1,0,llp-domain,
simpleanalysis:DMbb2016,ATLAS,simpleanalysis,search-recast,DMbb2016,SUSY-2016-18,not-declared-per-routine,direct,https://gitlab.cern.ch/atlas-sa/simple-analysis/-/blob/5a33033d788619bb1039a5b8116fdf43c46fc72a/SimpleAnalysisCodes/src/ANA-SUSY-2016-18_bb.cxx,0,0,,
simpleanalysis:DMttTwoLepton2016,ATLAS,simpleanalysis,search-recast,DMttTwoLepton2016,SUSY-2016-18,not-declared-per-routine,direct,https://gitlab.cern.ch/atlas-sa/simple-analysis/-/blob/5a33033d788619bb1039a5b8116fdf43c46fc72a/SimpleAnalysisCodes/src/ANA-SUSY-2016-18_tt2L.cxx,0,0,,
simpleanalysis:DMttZeroLepton2016,ATLAS,simpleanalysis,search-recast,DMttZeroLepton2016,SUSY-2016-18,not-declared-per-routine,direct,https://gitlab.cern.ch/atlas-sa/simple-analysis/-/blob/5a33033d788619bb1039a5b8116fdf43c46fc72a/SimpleAnalysisCodes/src/ANA-SUSY-2016-18_tt0L.cxx,0,0,,
simpleanalysis:Diphoton2016,ATLAS,simpleanalysis,search-recast,Diphoton2016,SUSY-2016-27,not-declared-per-routine,direct,https://gitlab.cern.ch/atlas-sa/simple-analysis/-/blob/5a33033d788619bb1039a5b8116fdf43c46fc72a/SimpleAnalysisCodes/src/ANA-SUSY-2016-27_gamgam.cxx,0,0,,
simpleanalysis:Diphoton2018,ATLAS,simpleanalysis,search-recast,Diphoton2018,SUSY-2018-23,not-declared-per-routine,direct,https://gitlab.cern.ch/atlas-sa/simple-analysis/-/blob/5a33033d788619bb1039a5b8116fdf43c46fc72a/SimpleAnalysisCodes/src/ANA-SUSY-2018-23.cxx,0,0,,
simpleanalysis:DirectStau2018,ATLAS,simpleanalysis,search-recast,DirectStau2018,SUSY-2018-04,not-declared-per-routine,direct,https://gitlab.cern.ch/atlas-sa/simple-analysis/-/blob/5a33033d788619bb1039a5b8116fdf43c46fc72a/SimpleAnalysisCodes/src/ANA-SUSY-2018-04.cxx,0,1,tau-objects,
simpleanalysis:DisappearingTrack2016,ATLAS,simpleanalysis,long-lived,DisappearingTrack2016,SUSY-2016-06,not-declared-per-routine,direct,https://gitlab.cern.ch/atlas-sa/simple-analysis/-/blob/5a33033d788619bb1039a5b8116fdf43c46fc72a/SimpleAnalysisCodes/src/ANA-SUSY-2016-06.cxx,0,0,llp-domain,
simpleanalysis:DisappearingTrack2018,ATLAS,simpleanalysis,long-lived,DisappearingTrack2018,SUSY-2018-19,not-declared-per-routine,direct,https://gitlab.cern.ch/atlas-sa/simple-analysis/-/blob/5a33033d788619bb1039a5b8116fdf43c46fc72a/SimpleAnalysisCodes/src/ANA-SUSY-2018-19.cxx,0,0,llp-domain,
simpleanalysis:DisappearingTrack2018_EventAcc,ATLAS,simpleanalysis,long-lived,DisappearingTrack2018_EventAcc,SUSY-2018-19,not-declared-per-routine,direct,https://gitlab.cern.ch/atlas-sa/simple-analysis/-/blob/5a33033d788619bb1039a5b8116fdf43c46fc72a/SimpleAnalysisCodes/src/ANA-SUSY-2018-19_EventAcc.cxx,0,0,llp-domain,
simpleanalysis:DisappearingTrack2018_TrackletAcc,ATLAS,simpleanalysis,long-lived,DisappearingTrack2018_TrackletAcc,SUSY-2018-19,not-declared-per-routine,direct,https://gitlab.cern.ch/atlas-sa/simple-analysis/-/blob/5a33033d788619bb1039a5b8116fdf43c46fc72a/SimpleAnalysisCodes/src/ANA-SUSY-2018-19_TrackletAcc.cxx,0,0,llp-domain,
simpleanalysis:DisplacedTrack2020,ATLAS,simpleanalysis,long-lived,DisplacedTrack2020,SUSY-2020-04,not-declared-per-routine,direct,https://gitlab.cern.ch/atlas-sa/simple-analysis/-/blob/5a33033d788619bb1039a5b8116fdf43c46fc72a/SimpleAnalysisCodes/src/ANA-SUSY-2020-04.cxx,0,0,tau-objects; llp-domain,
simpleanalysis:EwkCompressed2016,ATLAS,simpleanalysis,search-recast,EwkCompressed2016,SUSY-2016-25,not-declared-per-routine,direct,https://gitlab.cern.ch/atlas-sa/simple-analysis/-/blob/5a33033d788619bb1039a5b8116fdf43c46fc72a/SimpleAnalysisCodes/src/ANA-SUSY-2016-25.cxx,0,0,,
simpleanalysis:EwkCompressed2018,ATLAS,simpleanalysis,search-recast,EwkCompressed2018,SUSY-2018-16,not-declared-per-routine,direct,https://gitlab.cern.ch/atlas-sa/simple-analysis/-/blob/5a33033d788619bb1039a5b8116fdf43c46fc72a/SimpleAnalysisCodes/src/ANA-SUSY-2018-16.cxx,0,1,restframes,
simpleanalysis:EwkCompressedVBF2018,ATLAS,simpleanalysis,search-recast,EwkCompressedVBF2018,SUSY-2018-16,not-declared-per-routine,direct,https://gitlab.cern.ch/atlas-sa/simple-analysis/-/blob/5a33033d788619bb1039a5b8116fdf43c46fc72a/SimpleAnalysisCodes/src/ANA-SUSY-2018-16_VBF.cxx,0,1,restframes,
simpleanalysis:EwkFullHad2018,ATLAS,simpleanalysis,search-recast,EwkFullHad2018,SUSY-2018-41,not-declared-per-routine,direct,https://gitlab.cern.ch/atlas-sa/simple-analysis/-/blob/5a33033d788619bb1039a5b8116fdf43c46fc72a/SimpleAnalysisCodes/src/ANA-SUSY-2018-41.cxx,0,1,tau-objects; large-r-jets,
simpleanalysis:EwkMultiBjets2021,ATLAS,simpleanalysis,search-recast,EwkMultiBjets2021,SUSY-2020-16,not-declared-per-routine,direct,https://gitlab.cern.ch/atlas-sa/simple-analysis/-/blob/5a33033d788619bb1039a5b8116fdf43c46fc72a/SimpleAnalysisCodes/src/ANA-SUSY-2020-16.cxx,0,0,mva,
simpleanalysis:EwkOneLeptonTwoBjets2016,ATLAS,simpleanalysis,search-recast,EwkOneLeptonTwoBjets2016,SUSY-2017-01,not-declared-per-routine,direct,https://gitlab.cern.ch/atlas-sa/simple-analysis/-/blob/5a33033d788619bb1039a5b8116fdf43c46fc72a/SimpleAnalysisCodes/src/ANA-SUSY-2017-01_1L2b.cxx,0,0,tau-objects,
simpleanalysis:EwkOneLeptonTwoBjets2018,ATLAS,simpleanalysis,search-recast,EwkOneLeptonTwoBjets2018,SUSY-2019-08,not-declared-per-routine,direct,https://gitlab.cern.ch/atlas-sa/simple-analysis/-/blob/5a33033d788619bb1039a5b8116fdf43c46fc72a/SimpleAnalysisCodes/src/ANA-SUSY-2019-08.cxx,0,1,,
simpleanalysis:EwkThreeLepton2016,ATLAS,simpleanalysis,search-recast,EwkThreeLepton2016,SUSY-2016-24,not-declared-per-routine,direct,https://gitlab.cern.ch/atlas-sa/simple-analysis/-/blob/5a33033d788619bb1039a5b8116fdf43c46fc72a/SimpleAnalysisCodes/src/ANA-SUSY-2016-24_3L.cxx,0,0,,
simpleanalysis:EwkThreeLeptonERJR2018,ATLAS,simpleanalysis,search-recast,EwkThreeLeptonERJR2018,SUSY-2018-06,not-declared-per-routine,direct,https://gitlab.cern.ch/atlas-sa/simple-analysis/-/blob/5a33033d788619bb1039a5b8116fdf43c46fc72a/SimpleAnalysisCodes/src/ANA-SUSY-2018-06.cxx,0,1,,
simpleanalysis:EwkThreeLeptonOffshell2018,ATLAS,simpleanalysis,search-recast,EwkThreeLeptonOffshell2018,SUSY-2019-09,not-declared-per-routine,direct,https://gitlab.cern.ch/atlas-sa/simple-analysis/-/blob/5a33033d788619bb1039a5b8116fdf43c46fc72a/SimpleAnalysisCodes/src/ANA-SUSY-2019-09_OffShell.cxx,0,1,,
simpleanalysis:EwkThreeLeptonOnshell2018,ATLAS,simpleanalysis,search-recast,EwkThreeLeptonOnshell2018,SUSY-2019-09,not-declared-per-routine,direct,https://gitlab.cern.ch/atlas-sa/simple-analysis/-/blob/5a33033d788619bb1039a5b8116fdf43c46fc72a/SimpleAnalysisCodes/src/ANA-SUSY-2019-09_OnShell.cxx,0,1,,
simpleanalysis:EwkThreeLeptonRJ2016,ATLAS,simpleanalysis,search-recast,EwkThreeLeptonRJ2016,SUSY-2017-03,not-declared-per-routine,direct,https://gitlab.cern.ch/atlas-sa/simple-analysis/-/blob/5a33033d788619bb1039a5b8116fdf43c46fc72a/SimpleAnalysisCodes/src/ANA-SUSY-2017-03_3LRJ.cxx,0,0,restframes,
simpleanalysis:EwkThreeLeptonResonance2018,ATLAS,simpleanalysis,search-recast,EwkThreeLeptonResonance2018,SUSY-2018-36,not-declared-per-routine,direct,https://gitlab.cern.ch/atlas-sa/simple-analysis/-/blob/5a33033d788619bb1039a5b8116fdf43c46fc72a/SimpleAnalysisCodes/src/ANA-SUSY-2018-36.cxx,0,1,,
simpleanalysis:EwkTwoLepton2016,ATLAS,simpleanalysis,search-recast,EwkTwoLepton2016,SUSY-2016-24,not-declared-per-routine,direct,https://gitlab.cern.ch/atlas-sa/simple-analysis/-/blob/5a33033d788619bb1039a5b8116fdf43c46fc72a/SimpleAnalysisCodes/src/ANA-SUSY-2016-24_2L0J.cxx,0,0,,
simpleanalysis:EwkTwoLeptonRJ2016,ATLAS,simpleanalysis,search-recast,EwkTwoLeptonRJ2016,SUSY-2017-03,not-declared-per-routine,direct,https://gitlab.cern.ch/atlas-sa/simple-analysis/-/blob/5a33033d788619bb1039a5b8116fdf43c46fc72a/SimpleAnalysisCodes/src/ANA-SUSY-2017-03_2LRJ.cxx,0,0,restframes,
simpleanalysis:EwkTwoLeptonRJ2018,ATLAS,simpleanalysis,search-recast,EwkTwoLeptonRJ2018,SUSY-2018-05,not-declared-per-routine,direct,https://gitlab.cern.ch/atlas-sa/simple-analysis/-/blob/5a33033d788619bb1039a5b8116fdf43c46fc72a/SimpleAnalysisCodes/src/ANA-SUSY-2018-05_RJR.cxx,0,1,restframes,
simpleanalysis:EwkTwoLeptonTwoJet2016,ATLAS,simpleanalysis,search-recast,EwkTwoLeptonTwoJet2016,SUSY-2016-24,not-declared-per-routine,direct,https://gitlab.cern.ch/atlas-sa/simple-analysis/-/blob/5a33033d788619bb1039a5b8116fdf43c46fc72a/SimpleAnalysisCodes/src/ANA-SUSY-2016-24_2L2J.cxx,0,0,,
simpleanalysis:EwkTwoLeptonTwoJet2018,ATLAS,simpleanalysis,search-recast,EwkTwoLeptonTwoJet2018,SUSY-2018-05,not-declared-per-routine,direct,https://gitlab.cern.ch/atlas-sa/simple-analysis/-/blob/5a33033d788619bb1039a5b8116fdf43c46fc72a/SimpleAnalysisCodes/src/ANA-SUSY-2018-05_EWK.cxx,0,1,,
simpleanalysis:EwkTwoLeptonZeroJet2018,ATLAS,simpleanalysis,search-recast,EwkTwoLeptonZeroJet2018,SUSY-2018-32,not-declared-per-routine,direct,https://gitlab.cern.ch/atlas-sa/simple-analysis/-/blob/5a33033d788619bb1039a5b8116fdf43c46fc72a/SimpleAnalysisCodes/src/ANA-SUSY-2018-32.cxx,0,1,,
simpleanalysis:EwkTwoLeptonZeroJets2020,ATLAS,simpleanalysis,search-recast,EwkTwoLeptonZeroJets2020,SUSY-2019-02,not-declared-per-routine,direct,https://gitlab.cern.ch/atlas-sa/simple-analysis/-/blob/5a33033d788619bb1039a5b8116fdf43c46fc72a/SimpleAnalysisCodes/src/ANA-SUSY-2019-02.cxx,0,0,,
simpleanalysis:EwkTwoTau2016,ATLAS,simpleanalysis,search-recast,EwkTwoTau2016,SUSY-2016-23,not-declared-per-routine,direct,https://gitlab.cern.ch/atlas-sa/simple-analysis/-/blob/5a33033d788619bb1039a5b8116fdf43c46fc72a/SimpleAnalysisCodes/src/ANA-SUSY-2016-23.cxx,0,0,tau-objects,
simpleanalysis:EwkWHSS2016,ATLAS,simpleanalysis,search-recast,EwkWHSS2016,SUSY-2017-01,not-declared-per-routine,direct,https://gitlab.cern.ch/atlas-sa/simple-analysis/-/blob/5a33033d788619bb1039a5b8116fdf43c46fc72a/SimpleAnalysisCodes/src/ANA-SUSY-2017-01_SameSign.cxx,0,0,,
simpleanalysis:EwkWhAllHad2016,ATLAS,simpleanalysis,search-recast,EwkWhAllHad2016,SUSY-2017-01,not-declared-per-routine,direct,https://gitlab.cern.ch/atlas-sa/simple-analysis/-/blob/5a33033d788619bb1039a5b8116fdf43c46fc72a/SimpleAnalysisCodes/src/ANA-SUSY-2017-01_AllHad.cxx,0,0,,
simpleanalysis:EwkWhDiphoton2016,ATLAS,simpleanalysis,search-recast,EwkWhDiphoton2016,SUSY-2017-01,not-declared-per-routine,direct,https://gitlab.cern.ch/atlas-sa/simple-analysis/-/blob/5a33033d788619bb1039a5b8116fdf43c46fc72a/SimpleAnalysisCodes/src/ANA-SUSY-2017-01_DiPhoton.cxx,0,0,,
simpleanalysis:EwkWhThreeLepton2016,ATLAS,simpleanalysis,search-recast,EwkWhThreeLepton2016,SUSY-2017-01,not-declared-per-routine,direct,https://gitlab.cern.ch/atlas-sa/simple-analysis/-/blob/5a33033d788619bb1039a5b8116fdf43c46fc72a/SimpleAnalysisCodes/src/ANA-SUSY-2017-01_3L.cxx,0,0,,
simpleanalysis:FourLepton2016,ATLAS,simpleanalysis,search-recast,FourLepton2016,SUSY-2016-21,not-declared-per-routine,direct,https://gitlab.cern.ch/atlas-sa/simple-analysis/-/blob/5a33033d788619bb1039a5b8116fdf43c46fc72a/SimpleAnalysisCodes/src/ANA-SUSY-2016-21.cxx,0,0,tau-objects,
simpleanalysis:FourLepton2018,ATLAS,simpleanalysis,search-recast,FourLepton2018,SUSY-2018-02,not-declared-per-routine,direct,https://gitlab.cern.ch/atlas-sa/simple-analysis/-/blob/5a33033d788619bb1039a5b8116fdf43c46fc72a/SimpleAnalysisCodes/src/ANA-SUSY-2018-02.cxx,0,0,tau-objects,
simpleanalysis:MonoJet2018,ATLAS,simpleanalysis,search-recast,MonoJet2018,EXOT-2018-06,not-declared-per-routine,direct,https://gitlab.cern.ch/atlas-sa/simple-analysis/-/blob/5a33033d788619bb1039a5b8116fdf43c46fc72a/SimpleAnalysisCodes/src/ANA-EXOT-2018-06.cxx,0,0,tau-objects,
simpleanalysis:MultiJets2016,ATLAS,simpleanalysis,search-recast,MultiJets2016,SUSY-2016-13,not-declared-per-routine,direct,https://gitlab.cern.ch/atlas-sa/simple-analysis/-/blob/5a33033d788619bb1039a5b8116fdf43c46fc72a/SimpleAnalysisCodes/src/ANA-SUSY-2016-13.cxx,0,0,,
simpleanalysis:MultiJets2018,ATLAS,simpleanalysis,search-recast,MultiJets2018,SUSY-2018-17,not-declared-per-routine,direct,https://gitlab.cern.ch/atlas-sa/simple-analysis/-/blob/5a33033d788619bb1039a5b8116fdf43c46fc72a/SimpleAnalysisCodes/src/ANA-SUSY-2018-17.cxx,0,0,,
simpleanalysis:OneLepton2016,ATLAS,simpleanalysis,search-recast,OneLepton2016,SUSY-2016-12,not-declared-per-routine,direct,https://gitlab.cern.ch/atlas-sa/simple-analysis/-/blob/5a33033d788619bb1039a5b8116fdf43c46fc72a/SimpleAnalysisCodes/src/ANA-SUSY-2016-12.cxx,0,0,,
simpleanalysis:OneLepton2018,ATLAS,simpleanalysis,search-recast,OneLepton2018,SUSY-2018-10,not-declared-per-routine,direct,https://gitlab.cern.ch/atlas-sa/simple-analysis/-/blob/5a33033d788619bb1039a5b8116fdf43c46fc72a/SimpleAnalysisCodes/src/ANA-SUSY-2018-10.cxx,0,1,,
simpleanalysis:OneLeptonMultiJets2016,ATLAS,simpleanalysis,search-recast,OneLeptonMultiJets2016,SUSY-2016-11,not-declared-per-routine,direct,https://gitlab.cern.ch/atlas-sa/simple-analysis/-/blob/5a33033d788619bb1039a5b8116fdf43c46fc72a/SimpleAnalysisCodes/src/ANA-SUSY-2016-11.cxx,0,0,,
simpleanalysis:OneLeptonMultiJets2018,ATLAS,simpleanalysis,search-recast,OneLeptonMultiJets2018,SUSY-2019-04,not-declared-per-routine,direct,https://gitlab.cern.ch/atlas-sa/simple-analysis/-/blob/5a33033d788619bb1039a5b8116fdf43c46fc72a/SimpleAnalysisCodes/src/ANA-SUSY-2019-04.cxx,0,1,onnx,
simpleanalysis:PairedDijets2016,ATLAS,simpleanalysis,search-recast,PairedDijets2016,SUSY-2016-09,not-declared-per-routine,direct,https://gitlab.cern.ch/atlas-sa/simple-analysis/-/blob/5a33033d788619bb1039a5b8116fdf43c46fc72a/SimpleAnalysisCodes/src/ANA-SUSY-2016-09.cxx,0,0,,
simpleanalysis:PhotonJets2016,ATLAS,simpleanalysis,search-recast,PhotonJets2016,SUSY-2016-27,not-declared-per-routine,direct,https://gitlab.cern.ch/atlas-sa/simple-analysis/-/blob/5a33033d788619bb1039a5b8116fdf43c46fc72a/SimpleAnalysisCodes/src/ANA-SUSY-2016-27_gamjet.cxx,0,0,,
simpleanalysis:PhotonJets2018,ATLAS,simpleanalysis,search-recast,PhotonJets2018,SUSY-2018-11,not-declared-per-routine,direct,https://gitlab.cern.ch/atlas-sa/simple-analysis/-/blob/5a33033d788619bb1039a5b8116fdf43c46fc72a/SimpleAnalysisCodes/src/ANA-SUSY-2018-11.cxx,0,0,,
simpleanalysis:SS3L2020,ATLAS,simpleanalysis,search-recast,SS3L2020,SUSY-2019-22,not-declared-per-routine,direct,https://gitlab.cern.ch/atlas-sa/simple-analysis/-/blob/5a33033d788619bb1039a5b8116fdf43c46fc72a/SimpleAnalysisCodes/src/ANA-SUSY-2019-22.cxx,0,0,,
simpleanalysis:SameSignThreeLepton2016,ATLAS,simpleanalysis,search-recast,SameSignThreeLepton2016,SUSY-2016-14,not-declared-per-routine,direct,https://gitlab.cern.ch/atlas-sa/simple-analysis/-/blob/5a33033d788619bb1039a5b8116fdf43c46fc72a/SimpleAnalysisCodes/src/ANA-SUSY-2016-14.cxx,0,0,,
simpleanalysis:SameSignThreeLepton2018,ATLAS,simpleanalysis,search-recast,SameSignThreeLepton2018,SUSY-2018-09,not-declared-per-routine,direct,https://gitlab.cern.ch/atlas-sa/simple-analysis/-/blob/5a33033d788619bb1039a5b8116fdf43c46fc72a/SimpleAnalysisCodes/src/ANA-SUSY-2018-09.cxx,0,1,,
simpleanalysis:Sbottom2016,ATLAS,simpleanalysis,search-recast,Sbottom2016,SUSY-2016-28,not-declared-per-routine,direct,https://gitlab.cern.ch/atlas-sa/simple-analysis/-/blob/5a33033d788619bb1039a5b8116fdf43c46fc72a/SimpleAnalysisCodes/src/ANA-SUSY-2016-28.cxx,0,0,flavour-domain,
simpleanalysis:SbottomMultiB2018,ATLAS,simpleanalysis,search-recast,SbottomMultiB2018,SUSY-2018-31,not-declared-per-routine,direct,https://gitlab.cern.ch/atlas-sa/simple-analysis/-/blob/5a33033d788619bb1039a5b8116fdf43c46fc72a/SimpleAnalysisCodes/src/ANA-SUSY-2018-31.cxx,0,1,flavour-domain,
simpleanalysis:SbottomTau2018,ATLAS,simpleanalysis,search-recast,SbottomTau2018,SUSY-2018-40,not-declared-per-routine,direct,https://gitlab.cern.ch/atlas-sa/simple-analysis/-/blob/5a33033d788619bb1039a5b8116fdf43c46fc72a/SimpleAnalysisCodes/src/ANA-SUSY-2018-40.cxx,0,0,tau-objects; flavour-domain,
simpleanalysis:Scharm2016,ATLAS,simpleanalysis,search-recast,Scharm2016,SUSY-2016-26,not-declared-per-routine,direct,https://gitlab.cern.ch/atlas-sa/simple-analysis/-/blob/5a33033d788619bb1039a5b8116fdf43c46fc72a/SimpleAnalysisCodes/src/ANA-SUSY-2016-26.cxx,0,0,flavour-domain,
simpleanalysis:StopBL2016,ATLAS,simpleanalysis,search-recast,StopBL2016,SUSY-2016-29,not-declared-per-routine,direct,https://gitlab.cern.ch/atlas-sa/simple-analysis/-/blob/5a33033d788619bb1039a5b8116fdf43c46fc72a/SimpleAnalysisCodes/src/ANA-SUSY-2016-29.cxx,0,0,,
simpleanalysis:StopOneLepton2016,ATLAS,simpleanalysis,search-recast,StopOneLepton2016,SUSY-2016-16,not-declared-per-routine,direct,https://gitlab.cern.ch/atlas-sa/simple-analysis/-/blob/5a33033d788619bb1039a5b8116fdf43c46fc72a/SimpleAnalysisCodes/src/ANA-SUSY-2016-16.cxx,0,0,restframes; mva; tau-objects,
simpleanalysis:StopStau2016,ATLAS,simpleanalysis,search-recast,StopStau2016,SUSY-2016-19,not-declared-per-routine,direct,https://gitlab.cern.ch/atlas-sa/simple-analysis/-/blob/5a33033d788619bb1039a5b8116fdf43c46fc72a/SimpleAnalysisCodes/src/ANA-SUSY-2016-19.cxx,0,0,tau-objects,
simpleanalysis:StopStau2018,ATLAS,simpleanalysis,search-recast,StopStau2018,SUSY-2019-18,not-declared-per-routine,direct,https://gitlab.cern.ch/atlas-sa/simple-analysis/-/blob/5a33033d788619bb1039a5b8116fdf43c46fc72a/SimpleAnalysisCodes/src/ANA-SUSY-2019-18.cxx,0,0,tau-objects,
simpleanalysis:StopTwoLepton2016,ATLAS,simpleanalysis,search-recast,StopTwoLepton2016,SUSY-2016-17,not-declared-per-routine,direct,https://gitlab.cern.ch/atlas-sa/simple-analysis/-/blob/5a33033d788619bb1039a5b8116fdf43c46fc72a/SimpleAnalysisCodes/src/ANA-SUSY-2016-17_2and3body.cxx,0,0,restframes,
simpleanalysis:StopTwoLepton2016_4body,ATLAS,simpleanalysis,search-recast,StopTwoLepton2016_4body,SUSY-2016-17,not-declared-per-routine,direct,https://gitlab.cern.ch/atlas-sa/simple-analysis/-/blob/5a33033d788619bb1039a5b8116fdf43c46fc72a/SimpleAnalysisCodes/src/ANA-SUSY-2016-17_4body.cxx,0,0,,
simpleanalysis:StopTwoLepton2018,ATLAS,simpleanalysis,search-recast,StopTwoLepton2018,SUSY-2018-08,not-declared-per-routine,direct,https://gitlab.cern.ch/atlas-sa/simple-analysis/-/blob/5a33033d788619bb1039a5b8116fdf43c46fc72a/SimpleAnalysisCodes/src/ANA-SUSY-2018-08.cxx,0,0,restframes,
simpleanalysis:StopZ2016,ATLAS,simpleanalysis,search-recast,StopZ2016,SUSY-2016-20,not-declared-per-routine,direct,https://gitlab.cern.ch/atlas-sa/simple-analysis/-/blob/5a33033d788619bb1039a5b8116fdf43c46fc72a/SimpleAnalysisCodes/src/ANA-SUSY-2016-20_Z.cxx,0,0,,
simpleanalysis:StopZeroLepton2016,ATLAS,simpleanalysis,search-recast,StopZeroLepton2016,SUSY-2016-15,not-declared-per-routine,direct,https://gitlab.cern.ch/atlas-sa/simple-analysis/-/blob/5a33033d788619bb1039a5b8116fdf43c46fc72a/SimpleAnalysisCodes/src/ANA-SUSY-2016-15.cxx,0,0,restframes,
simpleanalysis:Stoph2016,ATLAS,simpleanalysis,search-recast,Stoph2016,SUSY-2016-20,not-declared-per-routine,direct,https://gitlab.cern.ch/atlas-sa/simple-analysis/-/blob/5a33033d788619bb1039a5b8116fdf43c46fc72a/SimpleAnalysisCodes/src/ANA-SUSY-2016-20_h.cxx,0,0,,
simpleanalysis:StrongDilepton2016,ATLAS,simpleanalysis,search-recast,StrongDilepton2016,SUSY-2016-33,not-declared-per-routine,direct,https://gitlab.cern.ch/atlas-sa/simple-analysis/-/blob/5a33033d788619bb1039a5b8116fdf43c46fc72a/SimpleAnalysisCodes/src/ANA-SUSY-2016-33.cxx,0,0,,
simpleanalysis:TauStrong2016,ATLAS,simpleanalysis,search-recast,TauStrong2016,SUSY-2016-30,not-declared-per-routine,direct,https://gitlab.cern.ch/atlas-sa/simple-analysis/-/blob/5a33033d788619bb1039a5b8116fdf43c46fc72a/SimpleAnalysisCodes/src/ANA-SUSY-2016-30.cxx,0,0,tau-objects,
simpleanalysis:ThreeBjets2016,ATLAS,simpleanalysis,search-recast,ThreeBjets2016,SUSY-2016-10,not-declared-per-routine,direct,https://gitlab.cern.ch/atlas-sa/simple-analysis/-/blob/5a33033d788619bb1039a5b8116fdf43c46fc72a/SimpleAnalysisCodes/src/ANA-SUSY-2016-10.cxx,0,0,,
simpleanalysis:ThreeBjets_NN_2020,ATLAS,simpleanalysis,search-recast,ThreeBjets_NN_2020,SUSY-2018-30,not-declared-per-routine,direct,https://gitlab.cern.ch/atlas-sa/simple-analysis/-/blob/5a33033d788619bb1039a5b8116fdf43c46fc72a/SimpleAnalysisCodes/src/ANA-SUSY-2018-30.cxx,0,1,onnx,
simpleanalysis:TriHiggs6b,ATLAS,simpleanalysis,search-recast,TriHiggs6b,HIGP-2024-32,not-declared-per-routine,direct,https://gitlab.cern.ch/atlas-sa/simple-analysis/-/blob/5a33033d788619bb1039a5b8116fdf43c46fc72a/SimpleAnalysisCodes/src/ANA-HIGP-2024-32.cxx,0,0,onnx,
simpleanalysis:TwoLeptonTwoJetStrong2018,ATLAS,simpleanalysis,search-recast,TwoLeptonTwoJetStrong2018,SUSY-2018-05,not-declared-per-routine,direct,https://gitlab.cern.ch/atlas-sa/simple-analysis/-/blob/5a33033d788619bb1039a5b8116fdf43c46fc72a/SimpleAnalysisCodes/src/ANA-SUSY-2018-05_Strong.cxx,0,1,,
simpleanalysis:ZeroLeptonBDT2018,ATLAS,simpleanalysis,search-recast,ZeroLeptonBDT2018,SUSY-2018-22,not-declared-per-routine,direct,https://gitlab.cern.ch/atlas-sa/simple-analysis/-/blob/5a33033d788619bb1039a5b8116fdf43c46fc72a/SimpleAnalysisCodes/src/ANA-SUSY-2018-22_BDT.cxx,0,1,mva,
simpleanalysis:ZeroLeptonDiscovery2018,ATLAS,simpleanalysis,search-recast,ZeroLeptonDiscovery2018,SUSY-2018-22,not-declared-per-routine,direct,https://gitlab.cern.ch/atlas-sa/simple-analysis/-/blob/5a33033d788619bb1039a5b8116fdf43c46fc72a/SimpleAnalysisCodes/src/ANA-SUSY-2018-22_Discovery.cxx,0,1,,
simpleanalysis:ZeroLeptonMeff2016,ATLAS,simpleanalysis,search-recast,ZeroLeptonMeff2016,SUSY-2016-07,not-declared-per-routine,direct,https://gitlab.cern.ch/atlas-sa/simple-analysis/-/blob/5a33033d788619bb1039a5b8116fdf43c46fc72a/SimpleAnalysisCodes/src/ANA-SUSY-2016-07_Meff.cxx,0,0,,
simpleanalysis:ZeroLeptonMultibin2018,ATLAS,simpleanalysis,search-recast,ZeroLeptonMultibin2018,SUSY-2018-22,not-declared-per-routine,direct,https://gitlab.cern.ch/atlas-sa/simple-analysis/-/blob/5a33033d788619bb1039a5b8116fdf43c46fc72a/SimpleAnalysisCodes/src/ANA-SUSY-2018-22_MultiBin.cxx,0,1,,
simpleanalysis:ZeroLeptonRJigsaw2016,ATLAS,simpleanalysis,search-recast,ZeroLeptonRJigsaw2016,SUSY-2016-07,not-declared-per-routine,direct,https://gitlab.cern.ch/atlas-sa/simple-analysis/-/blob/5a33033d788619bb1039a5b8116fdf43c46fc72a/SimpleAnalysisCodes/src/ANA-SUSY-2016-07_RJ.cxx,0,0,restframes,
simpleanalysis:ccMET2018,ATLAS,simpleanalysis,search-recast,ccMET2018,SUSY-2018-25,not-declared-per-routine,direct,https://gitlab.cern.ch/atlas-sa/simple-analysis/-/blob/5a33033d788619bb1039a5b8116fdf43c46fc72a/SimpleAnalysisCodes/src/ANA-SUSY-2018-25.cxx,0,0,restframes; tau-objects,
simpleanalysis:tWPlusMet2018,ATLAS,simpleanalysis,search-recast,tWPlusMet2018,EXOT-2021-01,not-declared-per-routine,direct,https://gitlab.cern.ch/atlas-sa/simple-analysis/-/blob/5a33033d788619bb1039a5b8116fdf43c46fc72a/SimpleAnalysisCodes/src/ANA-EXOT-2021-01.cxx,0,0,tau-objects; large-r-jets,
simpleanalysis:ttbarMET0L2018,ATLAS,simpleanalysis,search-recast,ttbarMET0L2018,SUSY-2018-12,not-declared-per-routine,direct,https://gitlab.cern.ch/atlas-sa/simple-analysis/-/blob/5a33033d788619bb1039a5b8116fdf43c46fc72a/SimpleAnalysisCodes/src/ANA-SUSY-2018-12.cxx,0,0,restframes,
